log_id,user_id,action,reference_id,timestamp
L00001,U0027,view_profile,,2024-08-30 00:00:00
L00002,U0101,logout,,2024-01-29 03:00:00
L00003,U0124,rate_medicine,M013,2024-04-04 07:00:00
L00004,U0157,rate_medicine,M027,2024-12-14 14:00:00
L00005,U0038,search_disease,D007,2024-11-21 00:00:00
L00006,U0191,predict_disease,D003,2024-12-02 07:00:00
L00007,U0190,predict_disease,D009,2024-12-24 17:00:00
L00008,U0122,view_profile,,2024-09-02 09:00:00
L00009,U0026,rate_medicine,M022,2024-10-28 15:00:00
L00010,U0171,download_report,,2024-05-20 12:00:00
L00011,U0179,login,,2024-02-24 14:00:00
L00012,U0109,login,,2024-03-16 00:00:00
L00013,U0031,rate_medicine,M015,2024-10-15 12:00:00
L00014,U0078,view_medicine,M019,2024-01-18 20:00:00
L00015,U0011,logout,,2024-06-30 04:00:00
L00016,U0186,logout,,2024-08-22 08:00:00
L00017,U0092,view_medicine,M006,2024-09-13 16:00:00
L00018,U0090,view_profile,,2024-12-27 16:00:00
L00019,U0132,login,,2024-02-02 05:00:00
L00020,U0168,predict_disease,D006,2024-10-15 10:00:00
L00021,U0184,logout,,2024-03-12 08:00:00
L00022,U0101,rate_medicine,M030,2024-02-04 20:00:00
L00023,U0097,logout,,2024-08-29 19:00:00
L00024,U0182,predict_disease,D010,2024-09-16 21:00:00
L00025,U0179,rate_medicine,M005,2024-06-14 18:00:00
L00026,U0150,download_report,,2024-11-12 12:00:00
L00027,U0008,search_disease,D001,2024-03-22 07:00:00
L00028,U0028,search_disease,D011,2024-09-12 21:00:00
L00029,U0083,logout,,2024-04-28 23:00:00
L00030,U0027,view_profile,,2024-03-30 23:00:00
L00031,U0194,login,,2024-08-03 02:00:00
L00032,U0065,view_medicine,M020,2024-02-28 01:00:00
L00033,U0196,search_disease,D008,2024-07-10 19:00:00
L00034,U0045,view_medicine,M030,2024-06-13 03:00:00
L00035,U0097,logout,,2024-03-09 20:00:00
L00036,U0051,view_profile,,2024-05-09 15:00:00
L00037,U0174,logout,,2024-05-26 07:00:00
L00038,U0190,view_profile,,2024-03-23 13:00:00
L00039,U0023,view_profile,,2024-10-25 00:00:00
L00040,U0009,search_disease,D004,2024-03-12 00:00:00
L00041,U0199,download_report,,2024-07-27 18:00:00
L00042,U0048,search_disease,D006,2024-12-15 23:00:00
L00043,U0049,logout,,2024-04-16 18:00:00
L00044,U0129,logout,,2024-06-29 11:00:00
L00045,U0018,predict_disease,D013,2024-08-12 13:00:00
L00046,U0019,login,,2024-10-18 02:00:00
L00047,U0133,predict_disease,D013,2024-06-01 03:00:00
L00048,U0060,search_disease,D008,2024-01-27 19:00:00
L00049,U0006,download_report,,2024-04-24 09:00:00
L00050,U0181,rate_medicine,M013,2024-07-02 02:00:00
L00051,U0020,predict_disease,D005,2024-09-30 18:00:00
L00052,U0133,view_profile,,2024-11-08 16:00:00
L00053,U0159,rate_medicine,M013,2024-01-30 17:00:00
L00054,U0121,search_disease,D010,2024-05-14 20:00:00
L00055,U0087,view_medicine,M002,2024-08-03 08:00:00
L00056,U0086,view_profile,,2024-01-31 04:00:00
L00057,U0141,view_profile,,2024-06-17 21:00:00
L00058,U0127,view_medicine,M008,2024-02-07 18:00:00
L00059,U0019,view_medicine,M012,2024-08-01 19:00:00
L00060,U0142,search_disease,D015,2024-09-02 04:00:00
L00061,U0011,rate_medicine,M024,2024-02-23 01:00:00
L00062,U0130,logout,,2024-04-25 20:00:00
L00063,U0111,download_report,,2024-09-01 09:00:00
L00064,U0006,view_profile,,2024-01-29 00:00:00
L00065,U0137,view_profile,,2024-11-07 12:00:00
L00066,U0124,view_medicine,M018,2024-01-27 12:00:00
L00067,U0179,login,,2024-03-05 13:00:00
L00068,U0141,login,,2024-03-11 03:00:00
L00069,U0031,logout,,2024-11-11 11:00:00
L00070,U0050,download_report,,2024-06-24 13:00:00
L00071,U0060,view_medicine,M008,2024-02-17 18:00:00
L00072,U0106,view_medicine,M008,2024-10-01 18:00:00
L00073,U0004,view_medicine,M026,2024-05-07 01:00:00
L00074,U0033,search_disease,D001,2024-08-12 05:00:00
L00075,U0081,rate_medicine,M002,2024-06-28 19:00:00
L00076,U0075,view_profile,,2024-03-07 19:00:00
L00077,U0123,login,,2024-12-02 03:00:00
L00078,U0065,search_disease,D002,2024-10-05 06:00:00
L00079,U0181,logout,,2024-07-01 07:00:00
L00080,U0183,logout,,2024-06-03 11:00:00
L00081,U0168,rate_medicine,M028,2024-05-05 16:00:00
L00082,U0179,rate_medicine,M011,2024-10-04 16:00:00
L00083,U0089,search_disease,D001,2024-07-29 22:00:00
L00084,U0072,logout,,2024-02-10 06:00:00
L00085,U0134,predict_disease,D014,2024-04-28 09:00:00
L00086,U0032,view_profile,,2024-07-09 23:00:00
L00087,U0061,predict_disease,D001,2024-12-23 14:00:00
L00088,U0030,logout,,2024-01-11 15:00:00
L00089,U0072,view_medicine,M009,2024-10-28 12:00:00
L00090,U0022,rate_medicine,M027,2024-01-31 08:00:00
L00091,U0127,login,,2024-01-10 12:00:00
L00092,U0114,login,,2024-01-23 07:00:00
L00093,U0098,view_profile,,2024-04-04 21:00:00
L00094,U0137,login,,2024-01-27 21:00:00
L00095,U0139,rate_medicine,M002,2024-06-27 00:00:00
L00096,U0068,download_report,,2024-10-29 06:00:00
L00097,U0186,view_medicine,M011,2024-11-14 13:00:00
L00098,U0187,login,,2024-01-30 03:00:00
L00099,U0185,login,,2024-12-13 09:00:00
L00100,U0109,logout,,2024-10-20 23:00:00
L00101,U0098,rate_medicine,M006,2024-08-27 23:00:00
L00102,U0034,view_profile,,2024-01-08 08:00:00
L00103,U0064,rate_medicine,M003,2024-10-04 09:00:00
L00104,U0147,download_report,,2024-07-21 01:00:00
L00105,U0069,rate_medicine,M012,2024-12-03 08:00:00
L00106,U0079,view_medicine,M004,2024-10-18 21:00:00
L00107,U0068,download_report,,2024-04-01 14:00:00
L00108,U0005,logout,,2024-08-13 00:00:00
L00109,U0010,logout,,2024-07-02 15:00:00
L00110,U0105,view_profile,,2024-01-30 18:00:00
L00111,U0157,search_disease,D005,2024-10-09 10:00:00
L00112,U0047,search_disease,D008,2024-05-12 08:00:00
L00113,U0127,rate_medicine,M028,2024-03-06 07:00:00
L00114,U0159,predict_disease,D003,2024-12-01 01:00:00
L00115,U0030,view_profile,,2024-12-01 01:00:00
L00116,U0130,predict_disease,D011,2024-08-13 18:00:00
L00117,U0011,download_report,,2024-10-10 22:00:00
L00118,U0016,view_profile,,2024-12-31 08:00:00
L00119,U0174,rate_medicine,M001,2024-06-29 17:00:00
L00120,U0061,view_medicine,M020,2024-06-28 03:00:00
L00121,U0114,search_disease,D009,2024-02-27 16:00:00
L00122,U0053,search_disease,D004,2024-06-15 18:00:00
L00123,U0175,download_report,,2024-07-31 02:00:00
L00124,U0073,login,,2024-03-14 00:00:00
L00125,U0156,download_report,,2024-07-03 10:00:00
L00126,U0167,login,,2024-07-10 15:00:00
L00127,U0008,rate_medicine,M020,2024-03-23 11:00:00
L00128,U0039,view_medicine,M010,2024-10-29 00:00:00
L00129,U0055,search_disease,D010,2024-06-09 16:00:00
L00130,U0056,download_report,,2024-07-12 18:00:00
L00131,U0186,view_medicine,M022,2024-03-17 12:00:00
L00132,U0058,search_disease,D002,2024-10-16 16:00:00
L00133,U0138,login,,2024-03-03 16:00:00
L00134,U0121,view_medicine,M020,2024-12-03 16:00:00
L00135,U0082,logout,,2024-05-17 06:00:00
L00136,U0063,rate_medicine,M030,2024-06-17 07:00:00
L00137,U0060,download_report,,2024-08-21 10:00:00
L00138,U0062,search_disease,D012,2024-08-15 23:00:00
L00139,U0093,login,,2024-02-10 11:00:00
L00140,U0093,search_disease,D015,2024-11-30 15:00:00
L00141,U0115,view_profile,,2024-08-02 07:00:00
L00142,U0138,predict_disease,D015,2024-05-05 13:00:00
L00143,U0067,predict_disease,D010,2024-05-26 10:00:00
L00144,U0031,download_report,,2024-02-11 13:00:00
L00145,U0130,login,,2024-03-16 18:00:00
L00146,U0162,logout,,2024-04-11 05:00:00
L00147,U0004,logout,,2024-03-26 03:00:00
L00148,U0068,login,,2024-10-10 22:00:00
L00149,U0191,logout,,2024-02-21 04:00:00
L00150,U0111,view_medicine,M027,2024-01-13 22:00:00
L00151,U0034,predict_disease,D002,2024-09-20 16:00:00
L00152,U0109,login,,2024-06-30 04:00:00
L00153,U0179,login,,2024-10-12 07:00:00
L00154,U0087,rate_medicine,M004,2024-06-21 18:00:00
L00155,U0012,search_disease,D012,2024-02-07 23:00:00
L00156,U0115,download_report,,2024-07-28 20:00:00
L00157,U0190,logout,,2024-08-11 09:00:00
L00158,U0180,logout,,2024-03-09 23:00:00
L00159,U0197,predict_disease,D012,2024-10-28 16:00:00
L00160,U0002,search_disease,D003,2024-10-30 18:00:00
L00161,U0173,download_report,,2024-11-28 14:00:00
L00162,U0083,login,,2024-08-12 05:00:00
L00163,U0025,rate_medicine,M025,2024-04-28 09:00:00
L00164,U0088,logout,,2024-01-25 18:00:00
L00165,U0074,login,,2024-06-14 12:00:00
L00166,U0194,download_report,,2024-04-01 04:00:00
L00167,U0189,view_medicine,M027,2024-04-17 13:00:00
L00168,U0158,rate_medicine,M019,2024-06-09 03:00:00
L00169,U0073,download_report,,2024-03-25 03:00:00
L00170,U0125,rate_medicine,M009,2024-08-12 07:00:00
L00171,U0067,predict_disease,D005,2024-11-06 03:00:00
L00172,U0171,view_profile,,2024-05-22 04:00:00
L00173,U0142,search_disease,D004,2024-09-17 05:00:00
L00174,U0011,view_medicine,M020,2024-10-03 17:00:00
L00175,U0002,view_profile,,2024-09-07 00:00:00
L00176,U0053,download_report,,2024-05-24 18:00:00
L00177,U0188,login,,2024-08-15 16:00:00
L00178,U0117,predict_disease,D014,2024-05-31 03:00:00
L00179,U0111,search_disease,D008,2024-09-09 08:00:00
L00180,U0036,search_disease,D014,2024-05-22 23:00:00
L00181,U0021,search_disease,D006,2024-04-23 23:00:00
L00182,U0041,search_disease,D006,2024-09-16 10:00:00
L00183,U0162,rate_medicine,M015,2024-09-19 21:00:00
L00184,U0177,search_disease,D012,2024-06-10 01:00:00
L00185,U0026,login,,2024-12-27 16:00:00
L00186,U0049,download_report,,2024-10-12 21:00:00
L00187,U0161,view_medicine,M021,2024-01-05 07:00:00
L00188,U0097,predict_disease,D010,2024-04-22 21:00:00
L00189,U0068,view_profile,,2024-08-28 04:00:00
L00190,U0048,logout,,2024-09-11 09:00:00
L00191,U0163,predict_disease,D004,2024-02-15 16:00:00
L00192,U0001,view_profile,,2024-08-10 02:00:00
L00193,U0143,logout,,2024-11-08 06:00:00
L00194,U0108,predict_disease,D001,2024-12-18 08:00:00
L00195,U0162,login,,2024-10-25 07:00:00
L00196,U0124,download_report,,2024-09-28 21:00:00
L00197,U0077,predict_disease,D015,2024-04-28 09:00:00
L00198,U0126,logout,,2024-11-18 12:00:00
L00199,U0140,download_report,,2024-09-03 09:00:00
L00200,U0029,search_disease,D004,2024-05-27 13:00:00
L00201,U0084,logout,,2024-05-06 21:00:00
L00202,U0030,login,,2024-03-31 14:00:00
L00203,U0170,download_report,,2024-02-28 11:00:00
L00204,U0181,login,,2024-03-06 15:00:00
L00205,U0154,logout,,2024-07-29 21:00:00
L00206,U0008,view_profile,,2024-05-28 08:00:00
L00207,U0105,view_profile,,2024-02-01 17:00:00
L00208,U0067,download_report,,2024-12-11 10:00:00
L00209,U0101,login,,2024-08-14 13:00:00
L00210,U0067,login,,2024-01-28 08:00:00
L00211,U0187,logout,,2024-04-22 10:00:00
L00212,U0115,view_medicine,M010,2024-07-28 07:00:00
L00213,U0053,predict_disease,D009,2024-11-16 03:00:00
L00214,U0034,download_report,,2024-11-05 17:00:00
L00215,U0006,view_medicine,M024,2024-07-13 02:00:00
L00216,U0091,download_report,,2024-10-10 02:00:00
L00217,U0054,view_medicine,M017,2024-07-04 17:00:00
L00218,U0041,view_profile,,2024-10-01 12:00:00
L00219,U0075,view_profile,,2024-03-23 11:00:00
L00220,U0106,download_report,,2024-04-20 17:00:00
L00221,U0004,view_profile,,2024-01-19 00:00:00
L00222,U0102,search_disease,D009,2024-09-05 01:00:00
L00223,U0078,predict_disease,D005,2024-01-13 07:00:00
L00224,U0009,view_profile,,2024-05-19 23:00:00
L00225,U0097,search_disease,D014,2024-12-01 12:00:00
L00226,U0190,predict_disease,D014,2024-05-18 02:00:00
L00227,U0130,search_disease,D002,2024-12-26 23:00:00
L00228,U0006,login,,2024-01-08 23:00:00
L00229,U0189,predict_disease,D002,2024-10-28 12:00:00
L00230,U0156,view_profile,,2024-06-08 10:00:00
L00231,U0132,login,,2024-01-12 09:00:00
L00232,U0052,rate_medicine,M015,2024-02-21 08:00:00
L00233,U0097,logout,,2024-05-29 13:00:00
L00234,U0105,search_disease,D004,2024-10-14 08:00:00
L00235,U0073,logout,,2024-12-25 17:00:00
L00236,U0098,view_profile,,2024-01-09 15:00:00
L00237,U0096,login,,2024-10-06 22:00:00
L00238,U0058,search_disease,D008,2024-10-22 00:00:00
L00239,U0198,login,,2024-04-28 14:00:00
L00240,U0123,download_report,,2024-10-15 03:00:00
L00241,U0037,rate_medicine,M011,2024-11-18 02:00:00
L00242,U0044,search_disease,D009,2024-04-16 15:00:00
L00243,U0022,view_profile,,2024-03-13 12:00:00
L00244,U0134,logout,,2024-10-17 07:00:00
L00245,U0127,view_medicine,M025,2024-05-09 13:00:00
L00246,U0087,rate_medicine,M024,2024-03-18 01:00:00
L00247,U0177,download_report,,2024-10-16 19:00:00
L00248,U0002,login,,2024-05-17 22:00:00
L00249,U0194,view_profile,,2024-10-14 15:00:00
L00250,U0081,logout,,2024-11-29 07:00:00
L00251,U0119,download_report,,2024-12-28 15:00:00
L00252,U0027,search_disease,D015,2024-08-05 22:00:00
L00253,U0033,search_disease,D007,2024-01-07 05:00:00
L00254,U0051,search_disease,D003,2024-08-12 03:00:00
L00255,U0109,view_medicine,M029,2024-09-10 05:00:00
L00256,U0036,logout,,2024-10-07 13:00:00
L00257,U0003,login,,2024-05-31 03:00:00
L00258,U0076,login,,2024-12-12 08:00:00
L00259,U0158,download_report,,2024-07-09 18:00:00
L00260,U0075,predict_disease,D003,2024-09-24 21:00:00
L00261,U0158,view_profile,,2024-12-31 11:00:00
L00262,U0119,rate_medicine,M016,2024-04-17 10:00:00
L00263,U0135,predict_disease,D003,2024-08-30 00:00:00
L00264,U0107,download_report,,2024-04-01 04:00:00
L00265,U0018,logout,,2024-01-03 09:00:00
L00266,U0052,view_profile,,2024-12-21 03:00:00
L00267,U0085,logout,,2024-02-18 01:00:00
L00268,U0153,logout,,2024-03-21 02:00:00
L00269,U0163,download_report,,2024-10-13 07:00:00
L00270,U0161,download_report,,2024-01-08 06:00:00
L00271,U0110,rate_medicine,M010,2024-10-26 23:00:00
L00272,U0160,rate_medicine,M012,2024-07-25 08:00:00
L00273,U0020,view_profile,,2024-10-30 04:00:00
L00274,U0056,search_disease,D012,2024-05-23 05:00:00
L00275,U0027,rate_medicine,M019,2024-03-05 16:00:00
L00276,U0085,login,,2024-10-21 18:00:00
L00277,U0189,rate_medicine,M026,2024-11-11 21:00:00
L00278,U0054,logout,,2024-03-27 00:00:00
L00279,U0056,view_profile,,2024-02-16 19:00:00
L00280,U0043,predict_disease,D003,2024-08-31 00:00:00
L00281,U0020,download_report,,2024-01-27 04:00:00
L00282,U0109,logout,,2024-12-06 15:00:00
L00283,U0078,download_report,,2024-09-13 03:00:00
L00284,U0144,view_profile,,2024-07-20 12:00:00
L00285,U0181,login,,2024-08-30 11:00:00
L00286,U0134,rate_medicine,M027,2024-06-11 16:00:00
L00287,U0155,search_disease,D015,2024-04-19 05:00:00
L00288,U0037,rate_medicine,M023,2024-08-11 17:00:00
L00289,U0126,logout,,2024-12-21 08:00:00
L00290,U0112,search_disease,D009,2024-11-29 11:00:00
L00291,U0094,predict_disease,D001,2024-08-26 21:00:00
L00292,U0187,download_report,,2024-08-05 06:00:00
L00293,U0098,view_profile,,2024-07-10 05:00:00
L00294,U0114,view_medicine,M007,2024-07-03 16:00:00
L00295,U0002,view_profile,,2024-10-27 09:00:00
L00296,U0025,download_report,,2024-07-07 08:00:00
L00297,U0070,view_medicine,M020,2024-01-18 20:00:00
L00298,U0123,rate_medicine,M021,2024-07-22 01:00:00
L00299,U0161,rate_medicine,M009,2024-01-30 18:00:00
L00300,U0184,view_medicine,M028,2024-08-29 19:00:00
L00301,U0126,logout,,2024-03-29 15:00:00
L00302,U0095,search_disease,D001,2024-01-15 19:00:00
L00303,U0189,predict_disease,D012,2024-03-31 04:00:00
L00304,U0031,search_disease,D007,2024-01-29 14:00:00
L00305,U0025,view_medicine,M011,2024-10-05 08:00:00
L00306,U0168,view_profile,,2024-11-10 23:00:00
L00307,U0173,view_medicine,M011,2024-06-11 22:00:00
L00308,U0151,predict_disease,D015,2024-07-06 16:00:00
L00309,U0104,view_medicine,M022,2024-08-01 21:00:00
L00310,U0050,view_medicine,M003,2024-09-13 04:00:00
L00311,U0045,rate_medicine,M003,2024-08-15 01:00:00
L00312,U0051,rate_medicine,M020,2024-12-18 16:00:00
L00313,U0045,login,,2024-11-21 23:00:00
L00314,U0071,view_medicine,M010,2024-10-14 11:00:00
L00315,U0120,search_disease,D006,2024-10-17 22:00:00
L00316,U0119,search_disease,D010,2024-02-15 03:00:00
L00317,U0187,search_disease,D003,2024-02-14 05:00:00
L00318,U0152,download_report,,2024-11-16 00:00:00
L00319,U0003,predict_disease,D013,2024-04-21 20:00:00
L00320,U0118,download_report,,2024-02-11 23:00:00
L00321,U0079,view_profile,,2024-12-14 20:00:00
L00322,U0192,view_profile,,2024-03-08 09:00:00
L00323,U0181,view_medicine,M013,2024-05-26 05:00:00
L00324,U0145,rate_medicine,M005,2024-06-10 13:00:00
L00325,U0049,view_profile,,2024-05-19 06:00:00
L00326,U0067,predict_disease,D005,2024-12-23 14:00:00
L00327,U0126,rate_medicine,M003,2024-06-30 18:00:00
L00328,U0090,download_report,,2024-11-24 16:00:00
L00329,U0162,logout,,2024-12-17 05:00:00
L00330,U0150,view_medicine,M027,2024-07-16 04:00:00
L00331,U0180,view_profile,,2024-08-10 11:00:00
L00332,U0088,rate_medicine,M007,2024-12-24 16:00:00
L00333,U0132,rate_medicine,M003,2024-04-17 08:00:00
L00334,U0120,view_profile,,2024-05-13 01:00:00
L00335,U0169,search_disease,D009,2024-11-19 05:00:00
L00336,U0036,logout,,2024-08-27 18:00:00
L00337,U0096,download_report,,2024-10-15 12:00:00
L00338,U0180,view_medicine,M011,2024-02-23 20:00:00
L00339,U0003,download_report,,2024-03-22 13:00:00
L00340,U0086,logout,,2024-06-21 20:00:00
L00341,U0092,search_disease,D003,2024-06-05 05:00:00
L00342,U0140,logout,,2024-04-05 00:00:00
L00343,U0158,logout,,2024-08-21 18:00:00
L00344,U0188,login,,2024-07-23 15:00:00
L00345,U0065,view_profile,,2024-07-10 19:00:00
L00346,U0124,download_report,,2024-12-13 12:00:00
L00347,U0060,rate_medicine,M002,2024-09-16 03:00:00
L00348,U0110,login,,2024-05-17 18:00:00
L00349,U0152,login,,2024-01-15 05:00:00
L00350,U0077,predict_disease,D015,2024-11-01 22:00:00
L00351,U0146,view_profile,,2024-03-12 04:00:00
L00352,U0014,download_report,,2024-02-16 09:00:00
L00353,U0089,predict_disease,D013,2024-08-22 12:00:00
L00354,U0001,predict_disease,D008,2024-12-03 04:00:00
L00355,U0045,view_profile,,2024-06-03 09:00:00
L00356,U0061,search_disease,D003,2024-04-14 13:00:00
L00357,U0063,search_disease,D012,2024-03-19 21:00:00
L00358,U0002,download_report,,2024-09-01 05:00:00
L00359,U0026,download_report,,2024-08-29 17:00:00
L00360,U0179,login,,2024-04-18 15:00:00
L00361,U0119,login,,2024-12-27 07:00:00
L00362,U0033,search_disease,D007,2024-06-11 04:00:00
L00363,U0198,login,,2024-06-16 09:00:00
L00364,U0153,login,,2024-07-20 17:00:00
L00365,U0126,search_disease,D006,2024-12-08 23:00:00
L00366,U0156,view_medicine,M008,2024-04-01 07:00:00
L00367,U0093,download_report,,2024-06-23 16:00:00
L00368,U0154,view_medicine,M020,2024-07-22 02:00:00
L00369,U0036,view_profile,,2024-09-12 06:00:00
L00370,U0078,view_medicine,M007,2024-08-10 02:00:00
L00371,U0099,download_report,,2024-11-30 05:00:00
L00372,U0039,login,,2024-05-25 09:00:00
L00373,U0173,login,,2024-09-03 01:00:00
L00374,U0046,rate_medicine,M014,2024-03-24 12:00:00
L00375,U0022,search_disease,D008,2024-06-26 21:00:00
L00376,U0104,search_disease,D011,2024-01-07 05:00:00
L00377,U0033,download_report,,2024-10-21 16:00:00
L00378,U0176,login,,2024-08-20 00:00:00
L00379,U0168,logout,,2024-12-09 12:00:00
L00380,U0198,login,,2024-01-28 09:00:00
L00381,U0067,login,,2024-11-20 03:00:00
L00382,U0129,logout,,2024-07-09 15:00:00
L00383,U0137,download_report,,2024-07-05 03:00:00
L00384,U0137,predict_disease,D007,2024-07-15 21:00:00
L00385,U0002,search_disease,D003,2024-06-21 22:00:00
L00386,U0132,rate_medicine,M007,2024-11-10 23:00:00
L00387,U0112,logout,,2024-01-25 14:00:00
L00388,U0032,rate_medicine,M002,2024-09-07 14:00:00
L00389,U0013,download_report,,2024-11-02 21:00:00
L00390,U0065,download_report,,2024-08-05 10:00:00
L00391,U0007,rate_medicine,M025,2024-10-04 08:00:00
L00392,U0092,predict_disease,D005,2024-08-01 00:00:00
L00393,U0084,logout,,2024-06-01 20:00:00
L00394,U0029,view_medicine,M020,2024-07-01 23:00:00
L00395,U0190,view_medicine,M018,2024-07-21 07:00:00
L00396,U0137,predict_disease,D002,2024-02-18 04:00:00
L00397,U0127,predict_disease,D011,2024-08-08 08:00:00
L00398,U0118,download_report,,2024-12-18 19:00:00
L00399,U0188,view_profile,,2024-09-25 18:00:00
L00400,U0011,logout,,2024-02-09 10:00:00
L00401,U0010,download_report,,2024-03-16 19:00:00
L00402,U0132,search_disease,D007,2024-02-10 10:00:00
L00403,U0103,rate_medicine,M014,2024-01-12 05:00:00
L00404,U0168,rate_medicine,M024,2024-02-10 13:00:00
L00405,U0050,search_disease,D013,2024-10-19 08:00:00
L00406,U0132,rate_medicine,M020,2024-10-03 07:00:00
L00407,U0147,view_medicine,M012,2024-08-30 06:00:00
L00408,U0071,login,,2024-12-18 05:00:00
L00409,U0172,rate_medicine,M017,2024-01-24 19:00:00
L00410,U0047,login,,2024-12-13 09:00:00
L00411,U0105,rate_medicine,M001,2024-04-16 00:00:00
L00412,U0169,login,,2024-03-07 08:00:00
L00413,U0154,rate_medicine,M015,2024-11-21 10:00:00
L00414,U0058,search_disease,D004,2024-01-10 22:00:00
L00415,U0057,download_report,,2024-02-02 19:00:00
L00416,U0183,rate_medicine,M024,2024-11-07 14:00:00
L00417,U0163,login,,2024-10-31 10:00:00
L00418,U0122,login,,2024-10-12 00:00:00
L00419,U0088,download_report,,2024-06-12 11:00:00
L00420,U0039,logout,,2024-08-24 23:00:00
L00421,U0054,logout,,2024-09-29 22:00:00
L00422,U0100,predict_disease,D011,2024-05-10 12:00:00
L00423,U0147,view_medicine,M022,2024-02-10 20:00:00
L00424,U0144,logout,,2024-06-25 02:00:00
L00425,U0192,view_profile,,2024-09-28 11:00:00
L00426,U0193,rate_medicine,M010,2024-06-10 14:00:00
L00427,U0008,logout,,2024-03-20 19:00:00
L00428,U0091,predict_disease,D010,2024-10-16 13:00:00
L00429,U0196,login,,2024-01-12 09:00:00
L00430,U0061,logout,,2024-07-11 17:00:00
L00431,U0156,predict_disease,D007,2024-03-04 03:00:00
L00432,U0056,login,,2024-04-18 03:00:00
L00433,U0041,rate_medicine,M006,2024-07-24 17:00:00
L00434,U0091,login,,2024-04-21 13:00:00
L00435,U0198,rate_medicine,M011,2024-07-04 20:00:00
L00436,U0176,search_disease,D011,2024-11-20 20:00:00
L00437,U0129,download_report,,2024-10-01 17:00:00
L00438,U0058,login,,2024-07-25 15:00:00
L00439,U0074,logout,,2024-08-18 05:00:00
L00440,U0074,predict_disease,D007,2024-01-02 17:00:00
L00441,U0196,download_report,,2024-08-25 20:00:00
L00442,U0026,predict_disease,D011,2024-07-15 18:00:00
L00443,U0108,login,,2024-07-29 06:00:00
L00444,U0058,view_medicine,M020,2024-03-11 19:00:00
L00445,U0147,search_disease,D010,2024-07-28 00:00:00
L00446,U0157,download_report,,2024-05-07 05:00:00
L00447,U0176,logout,,2024-02-16 11:00:00
L00448,U0154,view_medicine,M024,2024-11-30 12:00:00
L00449,U0042,view_profile,,2024-08-22 11:00:00
L00450,U0045,view_profile,,2024-08-29 22:00:00
L00451,U0083,view_profile,,2024-03-08 09:00:00
L00452,U0008,search_disease,D015,2024-04-15 18:00:00
L00453,U0118,logout,,2024-05-05 21:00:00
L00454,U0062,logout,,2024-03-31 14:00:00
L00455,U0155,search_disease,D013,2024-06-18 05:00:00
L00456,U0119,view_profile,,2024-02-05 00:00:00
L00457,U0174,view_medicine,M022,2024-07-27 16:00:00
L00458,U0099,logout,,2024-02-06 13:00:00
L00459,U0184,rate_medicine,M029,2024-10-02 03:00:00
L00460,U0124,view_medicine,M015,2024-01-31 09:00:00
L00461,U0186,login,,2024-01-21 11:00:00
L00462,U0184,login,,2024-09-18 20:00:00
L00463,U0110,logout,,2024-03-04 03:00:00
L00464,U0068,predict_disease,D014,2024-10-23 03:00:00
L00465,U0106,predict_disease,D006,2024-12-02 10:00:00
L00466,U0063,predict_disease,D015,2024-09-04 06:00:00
L00467,U0085,rate_medicine,M004,2024-11-24 22:00:00
L00468,U0182,search_disease,D008,2024-09-08 07:00:00
L00469,U0076,rate_medicine,M011,2024-12-18 14:00:00
L00470,U0116,download_report,,2024-12-24 08:00:00
L00471,U0010,rate_medicine,M020,2024-03-12 04:00:00
L00472,U0057,rate_medicine,M001,2024-07-08 18:00:00
L00473,U0183,download_report,,2024-05-29 09:00:00
L00474,U0163,predict_disease,D010,2024-06-05 15:00:00
L00475,U0173,logout,,2024-05-30 04:00:00
L00476,U0156,predict_disease,D003,2024-05-29 12:00:00
L00477,U0059,rate_medicine,M021,2024-01-15 06:00:00
L00478,U0150,rate_medicine,M005,2024-01-07 08:00:00
L00479,U0185,download_report,,2024-09-17 23:00:00
L00480,U0123,login,,2024-11-12 05:00:00
L00481,U0165,download_report,,2024-03-20 18:00:00
L00482,U0134,download_report,,2024-07-10 12:00:00
L00483,U0166,logout,,2024-03-27 16:00:00
L00484,U0045,logout,,2024-09-04 12:00:00
L00485,U0017,view_medicine,M022,2024-06-24 07:00:00
L00486,U0058,rate_medicine,M007,2024-03-17 08:00:00
L00487,U0051,search_disease,D011,2024-07-01 15:00:00
L00488,U0146,logout,,2024-11-22 00:00:00
L00489,U0190,view_profile,,2024-04-13 11:00:00
L00490,U0161,view_medicine,M013,2024-02-20 10:00:00
L00491,U0142,search_disease,D005,2024-09-30 23:00:00
L00492,U0015,search_disease,D013,2024-08-16 18:00:00
L00493,U0063,view_profile,,2024-05-11 23:00:00
L00494,U0167,predict_disease,D012,2024-05-05 07:00:00
L00495,U0046,logout,,2024-01-21 19:00:00
L00496,U0072,rate_medicine,M018,2024-02-16 23:00:00
L00497,U0188,view_profile,,2024-02-02 04:00:00
L00498,U0054,rate_medicine,M002,2024-04-26 07:00:00
L00499,U0119,logout,,2024-02-20 17:00:00
L00500,U0163,view_medicine,M011,2024-02-07 06:00:00
L00501,U0030,logout,,2024-08-14 02:00:00
L00502,U0051,logout,,2024-02-21 17:00:00
L00503,U0154,view_profile,,2024-09-06 09:00:00
L00504,U0111,view_medicine,M019,2024-02-27 23:00:00
L00505,U0200,logout,,2024-11-25 06:00:00
L00506,U0001,logout,,2024-05-08 13:00:00
L00507,U0162,rate_medicine,M016,2024-03-31 10:00:00
L00508,U0132,logout,,2024-05-25 20:00:00
L00509,U0137,rate_medicine,M009,2024-05-07 10:00:00
L00510,U0144,rate_medicine,M022,2024-09-14 09:00:00
L00511,U0029,logout,,2024-04-03 15:00:00
L00512,U0131,view_medicine,M011,2024-08-28 15:00:00
L00513,U0017,predict_disease,D003,2024-08-09 21:00:00
L00514,U0114,rate_medicine,M004,2024-06-24 20:00:00
L00515,U0200,predict_disease,D004,2024-02-25 07:00:00
L00516,U0079,view_profile,,2024-09-13 09:00:00
L00517,U0197,download_report,,2024-09-28 15:00:00
L00518,U0077,search_disease,D011,2024-11-08 06:00:00
L00519,U0041,predict_disease,D006,2024-04-08 12:00:00
L00520,U0041,predict_disease,D014,2024-11-08 21:00:00
L00521,U0133,predict_disease,D006,2024-08-30 20:00:00
L00522,U0200,login,,2024-05-17 07:00:00
L00523,U0078,rate_medicine,M016,2024-07-08 04:00:00
L00524,U0187,rate_medicine,M011,2024-06-30 23:00:00
L00525,U0116,download_report,,2024-06-06 13:00:00
L00526,U0196,login,,2024-08-01 00:00:00
L00527,U0015,login,,2024-07-28 11:00:00
L00528,U0197,predict_disease,D008,2024-05-20 00:00:00
L00529,U0054,view_profile,,2024-12-04 22:00:00
L00530,U0096,rate_medicine,M010,2024-01-13 10:00:00
L00531,U0098,login,,2024-06-15 17:00:00
L00532,U0056,view_profile,,2024-11-12 16:00:00
L00533,U0071,logout,,2024-02-24 02:00:00
L00534,U0042,view_profile,,2024-06-15 23:00:00
L00535,U0185,logout,,2024-10-30 15:00:00
L00536,U0169,view_medicine,M025,2024-07-18 22:00:00
L00537,U0064,logout,,2024-05-23 19:00:00
L00538,U0016,login,,2024-02-21 01:00:00
L00539,U0071,download_report,,2024-10-02 11:00:00
L00540,U0073,logout,,2024-02-26 15:00:00
L00541,U0192,predict_disease,D015,2024-02-07 10:00:00
L00542,U0039,login,,2024-03-18 18:00:00
L00543,U0052,rate_medicine,M019,2024-10-14 02:00:00
L00544,U0063,logout,,2024-06-16 18:00:00
L00545,U0136,rate_medicine,M018,2024-05-29 22:00:00
L00546,U0198,view_medicine,M005,2024-02-04 22:00:00
L00547,U0093,download_report,,2024-08-16 23:00:00
L00548,U0048,view_profile,,2024-06-13 14:00:00
L00549,U0118,view_profile,,2024-07-04 10:00:00
L00550,U0174,view_profile,,2024-12-26 08:00:00
L00551,U0192,rate_medicine,M020,2024-01-12 04:00:00
L00552,U0106,search_disease,D011,2024-08-06 12:00:00
L00553,U0013,logout,,2024-09-27 01:00:00
L00554,U0005,download_report,,2024-10-16 13:00:00
L00555,U0084,view_medicine,M017,2024-10-02 15:00:00
L00556,U0086,rate_medicine,M019,2024-11-20 02:00:00
L00557,U0024,search_disease,D010,2024-10-12 03:00:00
L00558,U0132,predict_disease,D013,2024-02-14 18:00:00
L00559,U0157,logout,,2024-11-28 06:00:00
L00560,U0176,search_disease,D013,2024-08-08 08:00:00
L00561,U0116,logout,,2024-03-18 20:00:00
L00562,U0019,download_report,,2024-04-03 20:00:00
L00563,U0117,download_report,,2024-09-27 22:00:00
L00564,U0006,login,,2024-07-24 18:00:00
L00565,U0160,rate_medicine,M001,2024-07-18 00:00:00
L00566,U0083,view_medicine,M008,2024-08-06 04:00:00
L00567,U0058,rate_medicine,M028,2024-10-26 21:00:00
L00568,U0137,download_report,,2024-08-22 20:00:00
L00569,U0198,view_profile,,2024-10-21 11:00:00
L00570,U0198,predict_disease,D004,2024-03-16 06:00:00
L00571,U0026,rate_medicine,M006,2024-01-14 17:00:00
L00572,U0033,view_medicine,M025,2024-10-03 11:00:00
L00573,U0081,search_disease,D006,2024-04-27 21:00:00
L00574,U0052,view_profile,,2024-06-04 05:00:00
L00575,U0070,login,,2024-04-29 06:00:00
L00576,U0007,download_report,,2024-03-11 14:00:00
L00577,U0097,search_disease,D014,2024-01-14 14:00:00
L00578,U0098,view_profile,,2024-01-26 14:00:00
L00579,U0103,logout,,2024-04-11 06:00:00
L00580,U0152,login,,2024-03-04 02:00:00
L00581,U0149,predict_disease,D009,2024-09-21 03:00:00
L00582,U0054,predict_disease,D013,2024-03-02 15:00:00
L00583,U0192,download_report,,2024-06-11 13:00:00
L00584,U0054,view_profile,,2024-02-16 16:00:00
L00585,U0123,download_report,,2024-05-10 16:00:00
L00586,U0005,search_disease,D008,2024-01-04 12:00:00
L00587,U0103,login,,2024-02-21 11:00:00
L00588,U0080,download_report,,2024-02-03 13:00:00
L00589,U0180,rate_medicine,M008,2024-02-13 20:00:00
L00590,U0121,login,,2024-01-09 08:00:00
L00591,U0012,download_report,,2024-03-13 07:00:00
L00592,U0003,predict_disease,D010,2024-03-06 16:00:00
L00593,U0178,predict_disease,D003,2024-08-28 01:00:00
L00594,U0054,view_medicine,M020,2024-12-04 09:00:00
L00595,U0159,download_report,,2024-07-31 05:00:00
L00596,U0045,login,,2024-03-30 16:00:00
L00597,U0172,predict_disease,D012,2024-04-02 11:00:00
L00598,U0042,search_disease,D013,2024-01-16 15:00:00
L00599,U0079,view_profile,,2024-07-25 20:00:00
L00600,U0068,download_report,,2024-11-14 10:00:00
L00601,U0007,view_medicine,M026,2024-06-18 00:00:00
L00602,U0009,logout,,2024-03-14 13:00:00
L00603,U0097,view_medicine,M018,2024-11-02 23:00:00
L00604,U0026,predict_disease,D003,2024-01-08 11:00:00
L00605,U0024,view_profile,,2024-08-02 02:00:00
L00606,U0119,search_disease,D008,2024-07-31 17:00:00
L00607,U0035,logout,,2024-11-04 20:00:00
L00608,U0122,view_medicine,M010,2024-08-28 08:00:00
L00609,U0169,predict_disease,D006,2024-10-03 11:00:00
L00610,U0127,search_disease,D008,2024-10-19 06:00:00
L00611,U0132,predict_disease,D004,2024-03-07 04:00:00
L00612,U0169,view_profile,,2024-02-12 23:00:00
L00613,U0104,search_disease,D012,2024-05-24 19:00:00
L00614,U0058,search_disease,D004,2024-05-08 05:00:00
L00615,U0182,rate_medicine,M011,2024-08-24 21:00:00
L00616,U0034,rate_medicine,M025,2024-06-16 13:00:00
L00617,U0170,download_report,,2024-03-15 18:00:00
L00618,U0099,view_medicine,M024,2024-11-19 01:00:00
L00619,U0047,view_profile,,2024-01-08 04:00:00
L00620,U0061,view_medicine,M027,2024-03-23 12:00:00
L00621,U0003,download_report,,2024-10-19 15:00:00
L00622,U0089,logout,,2024-04-06 20:00:00
L00623,U0116,login,,2024-04-19 14:00:00
L00624,U0113,rate_medicine,M018,2024-03-01 23:00:00
L00625,U0197,rate_medicine,M021,2024-09-20 10:00:00
L00626,U0048,download_report,,2024-05-10 10:00:00
L00627,U0198,logout,,2024-10-08 14:00:00
L00628,U0088,search_disease,D011,2024-09-22 08:00:00
L00629,U0094,search_disease,D013,2024-08-06 20:00:00
L00630,U0033,view_medicine,M018,2024-02-18 07:00:00
L00631,U0029,logout,,2024-03-02 17:00:00
L00632,U0089,rate_medicine,M005,2024-06-06 14:00:00
L00633,U0142,login,,2024-02-12 16:00:00
L00634,U0131,predict_disease,D007,2024-04-09 04:00:00
L00635,U0199,view_profile,,2024-01-09 06:00:00
L00636,U0135,download_report,,2024-11-03 04:00:00
L00637,U0137,view_medicine,M026,2024-07-04 17:00:00
L00638,U0178,view_profile,,2024-09-28 05:00:00
L00639,U0041,download_report,,2024-02-21 21:00:00
L00640,U0163,predict_disease,D011,2024-11-12 07:00:00
L00641,U0157,predict_disease,D009,2024-08-05 06:00:00
L00642,U0103,rate_medicine,M002,2024-05-31 12:00:00
L00643,U0122,login,,2024-08-27 10:00:00
L00644,U0077,predict_disease,D012,2024-01-01 02:00:00
L00645,U0143,rate_medicine,M023,2024-12-08 09:00:00
L00646,U0188,view_profile,,2024-11-09 19:00:00
L00647,U0194,search_disease,D001,2024-07-29 04:00:00
L00648,U0042,predict_disease,D008,2024-05-04 12:00:00
L00649,U0108,predict_disease,D011,2024-07-19 18:00:00
L00650,U0064,view_profile,,2024-06-28 02:00:00
L00651,U0071,view_profile,,2024-03-12 12:00:00
L00652,U0190,search_disease,D012,2024-10-26 21:00:00
L00653,U0114,predict_disease,D004,2024-03-13 21:00:00
L00654,U0084,rate_medicine,M025,2024-01-06 20:00:00
L00655,U0080,search_disease,D009,2024-09-25 03:00:00
L00656,U0060,logout,,2024-12-04 14:00:00
L00657,U0032,rate_medicine,M027,2024-10-04 23:00:00
L00658,U0040,logout,,2024-02-06 23:00:00
L00659,U0070,download_report,,2024-01-21 12:00:00
L00660,U0161,rate_medicine,M004,2024-08-26 13:00:00
L00661,U0182,predict_disease,D015,2024-12-20 15:00:00
L00662,U0134,rate_medicine,M008,2024-02-22 02:00:00
L00663,U0062,download_report,,2024-12-06 15:00:00
L00664,U0108,login,,2024-01-30 20:00:00
L00665,U0198,search_disease,D014,2024-05-23 23:00:00
L00666,U0065,rate_medicine,M029,2024-11-23 16:00:00
L00667,U0108,download_report,,2024-12-07 08:00:00
L00668,U0022,download_report,,2024-01-07 03:00:00
L00669,U0063,logout,,2024-10-26 15:00:00
L00670,U0152,view_profile,,2024-08-10 21:00:00
L00671,U0200,rate_medicine,M004,2024-12-28 15:00:00
L00672,U0156,login,,2024-09-22 21:00:00
L00673,U0011,login,,2024-11-04 03:00:00
L00674,U0025,search_disease,D010,2024-03-01 07:00:00
L00675,U0149,download_report,,2024-12-10 22:00:00
L00676,U0101,login,,2024-01-21 11:00:00
L00677,U0118,logout,,2024-10-20 16:00:00
L00678,U0161,view_medicine,M013,2024-08-09 21:00:00
L00679,U0146,view_medicine,M007,2024-04-02 00:00:00
L00680,U0026,download_report,,2024-05-29 13:00:00
L00681,U0117,view_medicine,M024,2024-05-09 11:00:00
L00682,U0091,download_report,,2024-05-07 08:00:00
L00683,U0013,logout,,2024-06-15 14:00:00
L00684,U0042,rate_medicine,M025,2024-04-17 17:00:00
L00685,U0190,download_report,,2024-07-24 11:00:00
L00686,U0128,predict_disease,D014,2024-02-15 10:00:00
L00687,U0158,download_report,,2024-10-02 23:00:00
L00688,U0082,view_profile,,2024-06-05 03:00:00
L00689,U0104,search_disease,D011,2024-06-09 19:00:00
L00690,U0164,logout,,2024-04-05 12:00:00
L00691,U0068,view_profile,,2024-12-28 15:00:00
L00692,U0087,download_report,,2024-08-12 11:00:00
L00693,U0083,predict_disease,D003,2024-01-09 03:00:00
L00694,U0149,view_profile,,2024-06-07 16:00:00
L00695,U0144,rate_medicine,M025,2024-10-02 05:00:00
L00696,U0159,login,,2024-12-22 02:00:00
L00697,U0024,view_profile,,2024-02-16 22:00:00
L00698,U0068,login,,2024-03-15 22:00:00
L00699,U0137,download_report,,2024-06-30 12:00:00
L00700,U0099,predict_disease,D015,2024-02-23 23:00:00
L00701,U0146,rate_medicine,M020,2024-02-12 10:00:00
L00702,U0114,view_profile,,2024-01-21 07:00:00
L00703,U0071,predict_disease,D011,2024-01-14 15:00:00
L00704,U0178,view_profile,,2024-04-22 07:00:00
L00705,U0113,view_profile,,2024-11-27 06:00:00
L00706,U0076,predict_disease,D001,2024-05-04 00:00:00
L00707,U0113,logout,,2024-07-31 17:00:00
L00708,U0106,view_profile,,2024-04-05 16:00:00
L00709,U0161,login,,2024-10-21 12:00:00
L00710,U0094,rate_medicine,M023,2024-05-14 13:00:00
L00711,U0094,download_report,,2024-04-30 10:00:00
L00712,U0020,download_report,,2024-12-20 04:00:00
L00713,U0180,download_report,,2024-05-06 17:00:00
L00714,U0130,predict_disease,D002,2024-12-28 15:00:00
L00715,U0027,download_report,,2024-11-05 07:00:00
L00716,U0184,download_report,,2024-12-25 20:00:00
L00717,U0120,view_profile,,2024-05-17 18:00:00
L00718,U0159,view_medicine,M015,2024-08-12 15:00:00
L00719,U0017,login,,2024-03-28 00:00:00
L00720,U0144,logout,,2024-11-28 01:00:00
L00721,U0123,download_report,,2024-12-27 04:00:00
L00722,U0091,search_disease,D011,2024-02-03 23:00:00
L00723,U0065,rate_medicine,M019,2024-01-15 22:00:00
L00724,U0111,logout,,2024-12-26 04:00:00
L00725,U0056,login,,2024-12-04 14:00:00
L00726,U0179,rate_medicine,M018,2024-12-11 09:00:00
L00727,U0060,download_report,,2024-10-18 16:00:00
L00728,U0037,login,,2024-10-03 21:00:00
L00729,U0002,download_report,,2024-11-08 01:00:00
L00730,U0151,download_report,,2024-03-02 02:00:00
L00731,U0106,search_disease,D009,2024-03-23 23:00:00
L00732,U0064,view_profile,,2024-11-03 05:00:00
L00733,U0167,predict_disease,D001,2024-09-10 23:00:00
L00734,U0023,search_disease,D006,2024-02-18 12:00:00
L00735,U0105,login,,2024-07-14 22:00:00
L00736,U0036,logout,,2024-06-24 05:00:00
L00737,U0091,search_disease,D005,2024-03-31 22:00:00
L00738,U0065,login,,2024-09-12 02:00:00
L00739,U0103,predict_disease,D005,2024-04-12 07:00:00
L00740,U0166,download_report,,2024-11-20 02:00:00
L00741,U0116,download_report,,2024-02-18 16:00:00
L00742,U0156,rate_medicine,M001,2024-02-01 17:00:00
L00743,U0096,view_medicine,M022,2024-02-18 05:00:00
L00744,U0004,view_medicine,M017,2024-01-03 10:00:00
L00745,U0079,login,,2024-01-15 18:00:00
L00746,U0018,download_report,,2024-03-29 06:00:00
L00747,U0047,logout,,2024-10-01 06:00:00
L00748,U0025,download_report,,2024-12-15 04:00:00
L00749,U0147,download_report,,2024-03-31 14:00:00
L00750,U0039,predict_disease,D009,2024-08-15 00:00:00
L00751,U0138,view_medicine,M030,2024-03-02 09:00:00
L00752,U0090,rate_medicine,M004,2024-12-15 05:00:00
L00753,U0026,predict_disease,D015,2024-09-11 06:00:00
L00754,U0087,predict_disease,D010,2024-08-20 21:00:00
L00755,U0115,login,,2024-02-29 21:00:00
L00756,U0064,search_disease,D006,2024-07-06 04:00:00
L00757,U0126,view_profile,,2024-04-06 12:00:00
L00758,U0016,view_medicine,M012,2024-09-02 21:00:00
L00759,U0134,search_disease,D014,2024-02-16 21:00:00
L00760,U0135,download_report,,2024-10-15 18:00:00
L00761,U0194,login,,2024-10-06 20:00:00
L00762,U0073,view_profile,,2024-06-13 04:00:00
L00763,U0196,logout,,2024-04-11 09:00:00
L00764,U0104,login,,2024-08-10 12:00:00
L00765,U0007,search_disease,D008,2024-09-08 03:00:00
L00766,U0144,download_report,,2024-09-04 19:00:00
L00767,U0079,login,,2024-09-11 09:00:00
L00768,U0011,view_medicine,M017,2024-04-06 02:00:00
L00769,U0151,rate_medicine,M029,2024-10-19 17:00:00
L00770,U0081,predict_disease,D011,2024-01-25 17:00:00
L00771,U0078,view_medicine,M002,2024-07-16 06:00:00
L00772,U0138,download_report,,2024-01-27 21:00:00
L00773,U0190,login,,2024-09-17 16:00:00
L00774,U0095,predict_disease,D009,2024-12-14 22:00:00
L00775,U0055,view_medicine,M030,2024-02-20 14:00:00
L00776,U0057,predict_disease,D015,2024-12-30 10:00:00
L00777,U0053,search_disease,D012,2024-09-10 06:00:00
L00778,U0098,view_medicine,M002,2024-04-15 22:00:00
L00779,U0075,search_disease,D015,2024-01-03 07:00:00
L00780,U0046,download_report,,2024-07-18 07:00:00
L00781,U0103,download_report,,2024-01-23 04:00:00
L00782,U0064,predict_disease,D010,2024-11-14 21:00:00
L00783,U0109,rate_medicine,M029,2024-12-14 18:00:00
L00784,U0168,rate_medicine,M007,2024-05-19 13:00:00
L00785,U0106,view_medicine,M014,2024-07-12 08:00:00
L00786,U0200,view_profile,,2024-09-06 08:00:00
L00787,U0178,view_medicine,M021,2024-07-21 01:00:00
L00788,U0033,logout,,2024-12-05 22:00:00
L00789,U0019,view_profile,,2024-11-22 03:00:00
L00790,U0126,search_disease,D003,2024-02-04 05:00:00
L00791,U0043,download_report,,2024-05-11 21:00:00
L00792,U0073,login,,2024-10-01 09:00:00
L00793,U0146,rate_medicine,M028,2024-05-13 03:00:00
L00794,U0052,search_disease,D007,2024-02-14 17:00:00
L00795,U0052,logout,,2024-03-06 16:00:00
L00796,U0123,view_medicine,M016,2024-02-25 03:00:00
L00797,U0010,view_profile,,2024-07-17 05:00:00
L00798,U0178,search_disease,D013,2024-02-04 07:00:00
L00799,U0158,login,,2024-07-08 14:00:00
L00800,U0153,predict_disease,D008,2024-01-22 21:00:00
L00801,U0197,view_profile,,2024-04-17 23:00:00
L00802,U0012,download_report,,2024-10-18 00:00:00
L00803,U0065,predict_disease,D006,2024-03-30 11:00:00
L00804,U0052,logout,,2024-11-25 01:00:00
L00805,U0098,login,,2024-03-19 09:00:00
L00806,U0048,search_disease,D004,2024-11-17 06:00:00
L00807,U0169,download_report,,2024-08-12 00:00:00
L00808,U0018,logout,,2024-05-05 19:00:00
L00809,U0042,rate_medicine,M018,2024-03-14 17:00:00
L00810,U0015,download_report,,2024-02-27 21:00:00
L00811,U0133,search_disease,D007,2024-09-30 00:00:00
L00812,U0083,predict_disease,D012,2024-07-08 01:00:00
L00813,U0027,predict_disease,D015,2024-12-16 07:00:00
L00814,U0001,view_medicine,M013,2024-10-15 01:00:00
L00815,U0197,login,,2024-10-17 03:00:00
L00816,U0196,view_profile,,2024-11-17 01:00:00
L00817,U0167,search_disease,D001,2024-08-31 18:00:00
L00818,U0073,login,,2024-12-17 19:00:00
L00819,U0116,login,,2024-05-01 21:00:00
L00820,U0157,logout,,2024-05-08 11:00:00
L00821,U0123,logout,,2024-03-19 14:00:00
L00822,U0058,download_report,,2024-03-14 09:00:00
L00823,U0066,predict_disease,D007,2024-03-23 11:00:00
L00824,U0077,view_medicine,M014,2024-03-14 01:00:00
L00825,U0106,logout,,2024-12-29 17:00:00
L00826,U0103,view_profile,,2024-03-05 20:00:00
L00827,U0054,download_report,,2024-07-26 13:00:00
L00828,U0118,login,,2024-08-19 14:00:00
L00829,U0119,login,,2024-07-05 10:00:00
L00830,U0171,download_report,,2024-07-23 04:00:00
L00831,U0063,view_profile,,2024-04-21 22:00:00
L00832,U0146,view_profile,,2024-04-09 23:00:00
L00833,U0119,download_report,,2024-10-07 13:00:00
L00834,U0165,download_report,,2024-06-06 06:00:00
L00835,U0037,login,,2024-08-28 03:00:00
L00836,U0077,logout,,2024-11-15 13:00:00
L00837,U0056,view_medicine,M007,2024-06-21 17:00:00
L00838,U0099,predict_disease,D011,2024-09-21 13:00:00
L00839,U0007,predict_disease,D008,2024-12-21 06:00:00
L00840,U0146,login,,2024-12-07 05:00:00
L00841,U0175,rate_medicine,M024,2024-10-15 04:00:00
L00842,U0148,login,,2024-04-11 04:00:00
L00843,U0082,login,,2024-08-27 07:00:00
L00844,U0125,predict_disease,D013,2024-06-10 19:00:00
L00845,U0025,view_medicine,M022,2024-02-03 02:00:00
L00846,U0014,view_medicine,M001,2024-06-18 02:00:00
L00847,U0092,download_report,,2024-04-13 23:00:00
L00848,U0079,predict_disease,D004,2024-02-03 11:00:00
L00849,U0150,download_report,,2024-08-16 15:00:00
L00850,U0181,download_report,,2024-03-30 09:00:00
L00851,U0144,rate_medicine,M004,2024-03-22 04:00:00
L00852,U0031,predict_disease,D007,2024-09-29 19:00:00
L00853,U0041,login,,2024-10-14 17:00:00
L00854,U0180,logout,,2024-05-23 22:00:00
L00855,U0030,view_profile,,2024-12-05 04:00:00
L00856,U0025,logout,,2024-01-21 04:00:00
L00857,U0122,login,,2024-07-13 15:00:00
L00858,U0006,predict_disease,D013,2024-10-27 22:00:00
L00859,U0113,download_report,,2024-10-26 18:00:00
L00860,U0006,predict_disease,D008,2024-09-08 21:00:00
L00861,U0087,download_report,,2024-02-13 11:00:00
L00862,U0035,search_disease,D003,2024-11-15 09:00:00
L00863,U0039,login,,2024-02-26 21:00:00
L00864,U0163,view_profile,,2024-06-13 09:00:00
L00865,U0155,search_disease,D006,2024-09-10 00:00:00
L00866,U0044,login,,2024-07-05 08:00:00
L00867,U0132,view_profile,,2024-05-23 16:00:00
L00868,U0082,view_medicine,M016,2024-03-26 01:00:00
L00869,U0180,view_profile,,2024-06-05 08:00:00
L00870,U0111,logout,,2024-06-21 01:00:00
L00871,U0195,rate_medicine,M024,2024-12-02 14:00:00
L00872,U0142,search_disease,D006,2024-01-17 04:00:00
L00873,U0147,view_medicine,M024,2024-01-10 09:00:00
L00874,U0052,login,,2024-08-28 12:00:00
L00875,U0010,login,,2024-12-21 21:00:00
L00876,U0097,rate_medicine,M023,2024-06-20 11:00:00
L00877,U0105,login,,2024-12-28 10:00:00
L00878,U0185,predict_disease,D006,2024-05-13 17:00:00
L00879,U0126,view_profile,,2024-05-24 08:00:00
L00880,U0116,search_disease,D015,2024-12-09 02:00:00
L00881,U0131,download_report,,2024-02-28 00:00:00
L00882,U0196,predict_disease,D013,2024-02-24 07:00:00
L00883,U0096,search_disease,D003,2024-02-03 04:00:00
L00884,U0200,view_profile,,2024-02-14 02:00:00
L00885,U0004,view_medicine,M024,2024-06-23 19:00:00
L00886,U0150,search_disease,D003,2024-11-16 14:00:00
L00887,U0171,download_report,,2024-02-24 19:00:00
L00888,U0181,search_disease,D001,2024-03-12 06:00:00
L00889,U0024,search_disease,D003,2024-02-16 00:00:00
L00890,U0176,login,,2024-04-29 06:00:00
L00891,U0021,view_medicine,M023,2024-07-17 10:00:00
L00892,U0122,view_profile,,2024-04-11 22:00:00
L00893,U0155,logout,,2024-12-27 05:00:00
L00894,U0074,logout,,2024-12-12 18:00:00
L00895,U0048,view_medicine,M015,2024-09-16 00:00:00
L00896,U0051,search_disease,D003,2024-05-14 04:00:00
L00897,U0180,view_profile,,2024-03-04 22:00:00
L00898,U0048,search_disease,D004,2024-06-13 07:00:00
L00899,U0163,predict_disease,D007,2024-10-30 09:00:00
L00900,U0130,login,,2024-11-23 09:00:00
L00901,U0110,view_profile,,2024-05-08 11:00:00
L00902,U0136,view_profile,,2024-01-04 20:00:00
L00903,U0194,rate_medicine,M010,2024-03-23 02:00:00
L00904,U0127,view_medicine,M003,2024-06-25 23:00:00
L00905,U0194,view_medicine,M020,2024-08-08 02:00:00
L00906,U0004,logout,,2024-12-11 02:00:00
L00907,U0151,download_report,,2024-07-04 22:00:00
L00908,U0068,search_disease,D010,2024-06-12 14:00:00
L00909,U0191,download_report,,2024-09-02 11:00:00
L00910,U0077,logout,,2024-09-07 10:00:00
L00911,U0059,view_profile,,2024-10-27 05:00:00
L00912,U0091,view_medicine,M023,2024-07-28 14:00:00
L00913,U0084,logout,,2024-07-25 14:00:00
L00914,U0116,logout,,2024-03-19 04:00:00
L00915,U0108,login,,2024-01-13 04:00:00
L00916,U0098,download_report,,2024-11-19 04:00:00
L00917,U0094,login,,2024-01-08 13:00:00
L00918,U0152,predict_disease,D003,2024-04-04 06:00:00
L00919,U0101,search_disease,D001,2024-08-29 04:00:00
L00920,U0051,rate_medicine,M011,2024-01-12 15:00:00
L00921,U0041,login,,2024-06-04 17:00:00
L00922,U0049,rate_medicine,M008,2024-09-06 19:00:00
L00923,U0111,logout,,2024-08-10 05:00:00
L00924,U0171,logout,,2024-01-31 11:00:00
L00925,U0083,search_disease,D002,2024-12-27 15:00:00
L00926,U0061,rate_medicine,M005,2024-09-22 15:00:00
L00927,U0107,view_profile,,2024-09-08 00:00:00
L00928,U0041,rate_medicine,M021,2024-06-22 20:00:00
L00929,U0159,rate_medicine,M022,2024-08-07 19:00:00
L00930,U0034,search_disease,D010,2024-09-28 09:00:00
L00931,U0186,download_report,,2024-07-10 22:00:00
L00932,U0145,predict_disease,D006,2024-08-30 02:00:00
L00933,U0095,view_medicine,M015,2024-08-01 07:00:00
L00934,U0084,view_profile,,2024-12-18 07:00:00
L00935,U0163,download_report,,2024-08-31 08:00:00
L00936,U0148,download_report,,2024-06-18 22:00:00
L00937,U0033,view_profile,,2024-06-13 20:00:00
L00938,U0182,view_profile,,2024-10-30 19:00:00
L00939,U0064,view_profile,,2024-09-07 18:00:00
L00940,U0005,logout,,2024-06-09 16:00:00
L00941,U0193,search_disease,D007,2024-03-16 19:00:00
L00942,U0021,download_report,,2024-09-27 15:00:00
L00943,U0155,logout,,2024-05-16 02:00:00
L00944,U0100,logout,,2024-04-08 08:00:00
L00945,U0200,predict_disease,D006,2024-01-31 15:00:00
L00946,U0058,view_profile,,2024-11-20 00:00:00
L00947,U0092,download_report,,2024-11-13 15:00:00
L00948,U0070,predict_disease,D013,2024-06-12 15:00:00
L00949,U0155,download_report,,2024-10-01 06:00:00
L00950,U0153,view_profile,,2024-11-05 03:00:00
L00951,U0016,rate_medicine,M024,2024-04-09 16:00:00
L00952,U0097,rate_medicine,M008,2024-08-04 22:00:00
L00953,U0067,view_medicine,M010,2024-04-14 04:00:00
L00954,U0008,rate_medicine,M001,2024-11-29 20:00:00
L00955,U0021,login,,2024-07-07 14:00:00
L00956,U0161,predict_disease,D008,2024-07-14 17:00:00
L00957,U0114,predict_disease,D010,2024-06-09 03:00:00
L00958,U0071,rate_medicine,M015,2024-04-11 22:00:00
L00959,U0073,logout,,2024-03-24 18:00:00
L00960,U0005,predict_disease,D006,2024-03-04 01:00:00
L00961,U0142,download_report,,2024-09-01 11:00:00
L00962,U0185,predict_disease,D006,2024-07-11 17:00:00
L00963,U0112,view_medicine,M021,2024-11-26 10:00:00
L00964,U0046,login,,2024-06-16 19:00:00
L00965,U0073,view_medicine,M021,2024-06-14 18:00:00
L00966,U0131,view_medicine,M029,2024-01-29 23:00:00
L00967,U0017,predict_disease,D008,2024-02-04 04:00:00
L00968,U0134,predict_disease,D002,2024-03-24 22:00:00
L00969,U0024,view_profile,,2024-07-03 11:00:00
L00970,U0021,download_report,,2024-07-30 10:00:00
L00971,U0103,search_disease,D008,2024-10-06 01:00:00
L00972,U0165,login,,2024-07-21 22:00:00
L00973,U0023,predict_disease,D009,2024-04-16 14:00:00
L00974,U0196,predict_disease,D002,2024-05-13 07:00:00
L00975,U0015,view_profile,,2024-11-26 21:00:00
L00976,U0165,view_medicine,M002,2024-12-23 07:00:00
L00977,U0011,logout,,2024-01-22 07:00:00
L00978,U0040,view_profile,,2024-03-11 16:00:00
L00979,U0083,download_report,,2024-07-17 20:00:00
L00980,U0005,login,,2024-09-18 09:00:00
L00981,U0007,logout,,2024-12-08 22:00:00
L00982,U0141,login,,2024-02-04 01:00:00
L00983,U0151,view_profile,,2024-01-19 06:00:00
L00984,U0150,view_profile,,2024-09-08 00:00:00
L00985,U0180,download_report,,2024-02-11 18:00:00
L00986,U0131,download_report,,2024-03-25 12:00:00
L00987,U0039,view_profile,,2024-10-01 00:00:00
L00988,U0143,rate_medicine,M009,2024-07-10 16:00:00
L00989,U0041,login,,2024-04-13 19:00:00
L00990,U0051,rate_medicine,M011,2024-06-16 08:00:00
L00991,U0031,login,,2024-11-29 09:00:00
L00992,U0008,logout,,2024-08-16 19:00:00
L00993,U0053,login,,2024-04-04 03:00:00
L00994,U0028,view_medicine,M013,2024-04-15 06:00:00
L00995,U0177,rate_medicine,M027,2024-12-11 06:00:00
L00996,U0119,rate_medicine,M012,2024-01-28 20:00:00
L00997,U0146,view_profile,,2024-05-09 06:00:00
L00998,U0004,view_medicine,M010,2024-04-20 05:00:00
L00999,U0053,download_report,,2024-09-12 23:00:00
L01000,U0185,login,,2024-06-16 14:00:00
L01001,U0155,login,,2024-03-25 15:00:00
L01002,U0144,logout,,2024-11-01 09:00:00
L01003,U0020,view_profile,,2024-11-11 03:00:00
L01004,U0008,view_medicine,M028,2024-11-13 01:00:00
L01005,U0001,view_medicine,M009,2024-06-04 14:00:00
L01006,U0187,login,,2024-10-17 05:00:00
L01007,U0095,search_disease,D001,2024-04-20 20:00:00
L01008,U0109,view_profile,,2024-07-09 02:00:00
L01009,U0168,rate_medicine,M014,2024-01-12 09:00:00
L01010,U0031,view_medicine,M029,2024-06-03 04:00:00
L01011,U0053,rate_medicine,M015,2024-03-02 20:00:00
L01012,U0122,view_medicine,M029,2024-03-30 00:00:00
L01013,U0186,search_disease,D002,2024-04-30 14:00:00
L01014,U0006,rate_medicine,M009,2024-12-25 18:00:00
L01015,U0017,logout,,2024-12-20 04:00:00
L01016,U0017,view_profile,,2024-07-22 21:00:00
L01017,U0008,login,,2024-01-20 15:00:00
L01018,U0120,login,,2024-07-30 05:00:00
L01019,U0012,view_medicine,M019,2024-12-02 02:00:00
L01020,U0073,rate_medicine,M023,2024-09-02 06:00:00
L01021,U0172,rate_medicine,M001,2024-05-19 06:00:00
L01022,U0177,view_profile,,2024-08-17 00:00:00
L01023,U0145,view_medicine,M028,2024-08-10 17:00:00
L01024,U0060,logout,,2024-01-25 09:00:00
L01025,U0023,download_report,,2024-11-02 11:00:00
L01026,U0121,logout,,2024-10-05 05:00:00
L01027,U0169,download_report,,2024-07-09 23:00:00
L01028,U0189,predict_disease,D006,2024-11-23 11:00:00
L01029,U0045,login,,2024-10-24 12:00:00
L01030,U0120,download_report,,2024-06-26 09:00:00
L01031,U0173,predict_disease,D014,2024-09-10 21:00:00
L01032,U0093,login,,2024-08-09 02:00:00
L01033,U0036,rate_medicine,M029,2024-06-19 11:00:00
L01034,U0116,logout,,2024-10-03 21:00:00
L01035,U0011,predict_disease,D015,2024-06-24 16:00:00
L01036,U0088,predict_disease,D010,2024-10-03 20:00:00
L01037,U0147,predict_disease,D014,2024-03-12 06:00:00
L01038,U0021,login,,2024-08-02 03:00:00
L01039,U0027,view_medicine,M017,2024-10-21 00:00:00
L01040,U0141,rate_medicine,M030,2024-12-06 05:00:00
L01041,U0176,view_profile,,2024-12-29 10:00:00
L01042,U0030,logout,,2024-06-15 23:00:00
L01043,U0141,download_report,,2024-07-21 16:00:00
L01044,U0057,login,,2024-10-22 11:00:00
L01045,U0177,login,,2024-02-24 07:00:00
L01046,U0040,logout,,2024-12-21 06:00:00
L01047,U0130,view_medicine,M029,2024-02-25 15:00:00
L01048,U0019,predict_disease,D015,2024-12-21 09:00:00
L01049,U0194,view_profile,,2024-07-26 09:00:00
L01050,U0139,view_profile,,2024-11-22 03:00:00
L01051,U0007,view_profile,,2024-01-09 00:00:00
L01052,U0054,rate_medicine,M004,2024-04-05 21:00:00
L01053,U0065,search_disease,D002,2024-08-19 03:00:00
L01054,U0092,login,,2024-12-04 12:00:00
L01055,U0153,view_medicine,M023,2024-06-02 10:00:00
L01056,U0096,login,,2024-04-16 09:00:00
L01057,U0159,login,,2024-10-28 15:00:00
L01058,U0126,view_medicine,M022,2024-01-17 15:00:00
L01059,U0090,download_report,,2024-01-16 08:00:00
L01060,U0099,logout,,2024-10-02 03:00:00
L01061,U0177,login,,2024-10-27 19:00:00
L01062,U0176,download_report,,2024-09-08 00:00:00
L01063,U0010,login,,2024-09-06 02:00:00
L01064,U0065,logout,,2024-10-05 02:00:00
L01065,U0186,search_disease,D004,2024-11-19 03:00:00
L01066,U0098,logout,,2024-06-21 07:00:00
L01067,U0009,logout,,2024-06-14 09:00:00
L01068,U0056,logout,,2024-11-10 13:00:00
L01069,U0176,search_disease,D001,2024-03-06 18:00:00
L01070,U0130,view_medicine,M030,2024-08-15 02:00:00
L01071,U0071,predict_disease,D008,2024-12-22 18:00:00
L01072,U0138,login,,2024-11-30 23:00:00
L01073,U0150,view_medicine,M009,2024-03-01 22:00:00
L01074,U0045,logout,,2024-08-19 09:00:00
L01075,U0075,predict_disease,D001,2024-11-03 10:00:00
L01076,U0029,login,,2024-12-17 04:00:00
L01077,U0124,search_disease,D004,2024-09-05 07:00:00
L01078,U0199,view_medicine,M013,2024-11-30 05:00:00
L01079,U0012,login,,2024-06-03 05:00:00
L01080,U0088,view_profile,,2024-12-15 18:00:00
L01081,U0059,logout,,2024-12-31 14:00:00
L01082,U0043,search_disease,D002,2024-03-12 04:00:00
L01083,U0128,view_medicine,M015,2024-07-06 22:00:00
L01084,U0006,login,,2024-12-28 16:00:00
L01085,U0163,download_report,,2024-10-05 03:00:00
L01086,U0122,login,,2024-01-18 08:00:00
L01087,U0143,login,,2024-12-25 13:00:00
L01088,U0023,search_disease,D002,2024-05-14 21:00:00
L01089,U0122,download_report,,2024-07-24 16:00:00
L01090,U0036,view_profile,,2024-03-02 00:00:00
L01091,U0147,predict_disease,D002,2024-04-05 21:00:00
L01092,U0115,view_profile,,2024-12-03 17:00:00
L01093,U0143,download_report,,2024-05-14 15:00:00
L01094,U0169,search_disease,D013,2024-04-04 18:00:00
L01095,U0030,login,,2024-10-13 01:00:00
L01096,U0052,view_profile,,2024-03-16 09:00:00
L01097,U0180,predict_disease,D012,2024-07-19 00:00:00
L01098,U0016,download_report,,2024-09-18 00:00:00
L01099,U0171,search_disease,D009,2024-05-16 18:00:00
L01100,U0036,view_medicine,M010,2024-06-12 07:00:00
L01101,U0055,logout,,2024-04-06 21:00:00
L01102,U0123,logout,,2024-09-02 06:00:00
L01103,U0100,search_disease,D003,2024-10-10 20:00:00
L01104,U0171,search_disease,D003,2024-03-06 16:00:00
L01105,U0195,predict_disease,D014,2024-02-04 15:00:00
L01106,U0043,search_disease,D010,2024-05-06 20:00:00
L01107,U0161,login,,2024-07-04 07:00:00
L01108,U0016,rate_medicine,M014,2024-08-09 01:00:00
L01109,U0200,download_report,,2024-07-21 00:00:00
L01110,U0172,view_profile,,2024-07-10 12:00:00
L01111,U0156,logout,,2024-04-25 23:00:00
L01112,U0158,predict_disease,D008,2024-09-17 13:00:00
L01113,U0154,predict_disease,D004,2024-09-23 09:00:00
L01114,U0198,logout,,2024-02-08 13:00:00
L01115,U0017,view_medicine,M014,2024-10-14 02:00:00
L01116,U0165,predict_disease,D013,2024-01-21 11:00:00
L01117,U0072,rate_medicine,M013,2024-08-25 20:00:00
L01118,U0078,download_report,,2024-10-01 19:00:00
L01119,U0079,download_report,,2024-08-28 16:00:00
L01120,U0099,logout,,2024-12-18 18:00:00
L01121,U0087,predict_disease,D008,2024-02-16 22:00:00
L01122,U0088,logout,,2024-09-29 16:00:00
L01123,U0162,search_disease,D005,2024-05-17 08:00:00
L01124,U0132,rate_medicine,M020,2024-04-26 10:00:00
L01125,U0062,download_report,,2024-10-16 06:00:00
L01126,U0079,download_report,,2024-04-08 10:00:00
L01127,U0072,login,,2024-05-15 19:00:00
L01128,U0172,login,,2024-12-03 06:00:00
L01129,U0198,predict_disease,D013,2024-12-18 09:00:00
L01130,U0176,view_profile,,2024-12-17 11:00:00
L01131,U0053,download_report,,2024-08-24 18:00:00
L01132,U0186,predict_disease,D002,2024-05-29 20:00:00
L01133,U0053,view_profile,,2024-11-02 20:00:00
L01134,U0047,download_report,,2024-11-27 15:00:00
L01135,U0063,download_report,,2024-07-19 15:00:00
L01136,U0146,rate_medicine,M030,2024-08-23 17:00:00
L01137,U0038,download_report,,2024-05-10 19:00:00
L01138,U0032,search_disease,D005,2024-07-11 17:00:00
L01139,U0001,login,,2024-02-04 06:00:00
L01140,U0127,rate_medicine,M030,2024-08-20 17:00:00
L01141,U0146,rate_medicine,M017,2024-08-03 06:00:00
L01142,U0110,rate_medicine,M002,2024-11-17 15:00:00
L01143,U0112,search_disease,D008,2024-07-17 10:00:00
L01144,U0047,search_disease,D003,2024-03-03 11:00:00
L01145,U0018,view_medicine,M002,2024-05-22 03:00:00
L01146,U0025,rate_medicine,M005,2024-12-17 13:00:00
L01147,U0011,view_profile,,2024-12-04 18:00:00
L01148,U0029,view_medicine,M001,2024-06-21 19:00:00
L01149,U0111,rate_medicine,M010,2024-05-03 07:00:00
L01150,U0159,view_profile,,2024-11-05 18:00:00
L01151,U0142,rate_medicine,M030,2024-06-30 07:00:00
L01152,U0142,predict_disease,D001,2024-10-26 10:00:00
L01153,U0044,view_profile,,2024-07-15 06:00:00
L01154,U0024,view_medicine,M006,2024-10-19 23:00:00
L01155,U0125,rate_medicine,M026,2024-03-04 03:00:00
L01156,U0105,view_profile,,2024-04-23 07:00:00
L01157,U0157,logout,,2024-03-25 05:00:00
L01158,U0072,view_profile,,2024-02-24 00:00:00
L01159,U0172,view_profile,,2024-06-06 13:00:00
L01160,U0115,login,,2024-04-19 07:00:00
L01161,U0021,search_disease,D014,2024-07-28 22:00:00
L01162,U0114,logout,,2024-03-17 23:00:00
L01163,U0158,login,,2024-07-13 00:00:00
L01164,U0173,rate_medicine,M007,2024-09-08 13:00:00
L01165,U0083,download_report,,2024-01-11 15:00:00
L01166,U0114,login,,2024-11-06 06:00:00
L01167,U0037,download_report,,2024-12-26 02:00:00
L01168,U0044,login,,2024-07-25 06:00:00
L01169,U0081,view_profile,,2024-06-29 12:00:00
L01170,U0184,rate_medicine,M008,2024-05-28 07:00:00
L01171,U0154,login,,2024-08-28 00:00:00
L01172,U0166,view_profile,,2024-12-23 02:00:00
L01173,U0183,logout,,2024-01-12 12:00:00
L01174,U0093,download_report,,2024-07-14 00:00:00
L01175,U0112,logout,,2024-08-16 13:00:00
L01176,U0066,search_disease,D007,2024-06-27 07:00:00
L01177,U0067,rate_medicine,M012,2024-09-02 05:00:00
L01178,U0150,predict_disease,D004,2024-11-26 16:00:00
L01179,U0010,view_profile,,2024-07-14 11:00:00
L01180,U0059,view_medicine,M025,2024-02-16 22:00:00
L01181,U0158,predict_disease,D002,2024-12-22 17:00:00
L01182,U0021,view_medicine,M009,2024-09-25 08:00:00
L01183,U0039,logout,,2024-05-30 04:00:00
L01184,U0072,login,,2024-04-05 07:00:00
L01185,U0080,login,,2024-03-26 16:00:00
L01186,U0024,search_disease,D004,2024-11-13 01:00:00
L01187,U0141,predict_disease,D005,2024-08-28 13:00:00
L01188,U0005,predict_disease,D004,2024-04-10 19:00:00
L01189,U0198,search_disease,D002,2024-02-21 08:00:00
L01190,U0032,predict_disease,D009,2024-08-24 17:00:00
L01191,U0186,download_report,,2024-04-01 04:00:00
L01192,U0003,predict_disease,D004,2024-06-15 05:00:00
L01193,U0006,rate_medicine,M017,2024-09-13 16:00:00
L01194,U0035,view_medicine,M013,2024-03-26 01:00:00
L01195,U0040,logout,,2024-03-08 07:00:00
L01196,U0147,download_report,,2024-05-22 14:00:00
L01197,U0117,view_profile,,2024-03-30 22:00:00
L01198,U0064,search_disease,D012,2024-03-23 20:00:00
L01199,U0097,view_medicine,M003,2024-03-10 00:00:00
L01200,U0136,rate_medicine,M015,2024-09-07 21:00:00
L01201,U0141,login,,2024-10-04 23:00:00
L01202,U0135,login,,2024-08-26 20:00:00
L01203,U0156,download_report,,2024-10-22 22:00:00
L01204,U0193,login,,2024-05-08 16:00:00
L01205,U0043,login,,2024-09-14 15:00:00
L01206,U0010,predict_disease,D013,2024-04-15 02:00:00
L01207,U0077,download_report,,2024-02-29 19:00:00
L01208,U0098,login,,2024-07-11 09:00:00
L01209,U0007,download_report,,2024-06-10 15:00:00
L01210,U0193,view_profile,,2024-01-09 06:00:00
L01211,U0199,login,,2024-11-22 04:00:00
L01212,U0152,logout,,2024-03-12 20:00:00
L01213,U0063,rate_medicine,M013,2024-03-13 00:00:00
L01214,U0113,view_profile,,2024-05-09 15:00:00
L01215,U0120,login,,2024-12-30 14:00:00
L01216,U0053,download_report,,2024-08-25 04:00:00
L01217,U0014,login,,2024-05-05 04:00:00
L01218,U0096,search_disease,D005,2024-01-28 11:00:00
L01219,U0099,logout,,2024-11-30 13:00:00
L01220,U0076,search_disease,D010,2024-06-30 16:00:00
L01221,U0011,logout,,2024-09-02 02:00:00
L01222,U0085,download_report,,2024-04-09 09:00:00
L01223,U0026,predict_disease,D001,2024-03-15 23:00:00
L01224,U0007,rate_medicine,M002,2024-09-17 06:00:00
L01225,U0007,download_report,,2024-08-17 12:00:00
L01226,U0157,download_report,,2024-08-23 11:00:00
L01227,U0073,download_report,,2024-07-07 01:00:00
L01228,U0113,search_disease,D015,2024-09-06 13:00:00
L01229,U0200,view_medicine,M022,2024-10-07 23:00:00
L01230,U0097,search_disease,D003,2024-06-18 21:00:00
L01231,U0188,logout,,2024-11-21 08:00:00
L01232,U0196,predict_disease,D003,2024-04-10 02:00:00
L01233,U0071,login,,2024-07-20 07:00:00
L01234,U0078,view_medicine,M002,2024-01-07 04:00:00
L01235,U0108,view_profile,,2024-10-18 06:00:00
L01236,U0039,login,,2024-08-06 17:00:00
L01237,U0054,rate_medicine,M030,2024-01-01 02:00:00
L01238,U0010,predict_disease,D014,2024-05-15 23:00:00
L01239,U0017,logout,,2024-04-22 14:00:00
L01240,U0173,predict_disease,D015,2024-09-09 03:00:00
L01241,U0118,search_disease,D011,2024-06-24 19:00:00
L01242,U0121,download_report,,2024-05-12 18:00:00
L01243,U0162,download_report,,2024-12-06 10:00:00
L01244,U0175,predict_disease,D011,2024-10-28 16:00:00
L01245,U0153,rate_medicine,M026,2024-05-05 07:00:00
L01246,U0124,view_medicine,M014,2024-05-19 10:00:00
L01247,U0186,rate_medicine,M016,2024-07-26 01:00:00
L01248,U0066,rate_medicine,M026,2024-02-24 04:00:00
L01249,U0057,view_profile,,2024-05-07 14:00:00
L01250,U0026,predict_disease,D015,2024-12-23 17:00:00
L01251,U0106,download_report,,2024-07-23 13:00:00
L01252,U0077,download_report,,2024-02-11 07:00:00
L01253,U0124,predict_disease,D010,2024-12-05 02:00:00
L01254,U0015,download_report,,2024-08-11 12:00:00
L01255,U0040,login,,2024-07-31 15:00:00
L01256,U0095,view_medicine,M011,2024-03-01 09:00:00
L01257,U0125,view_profile,,2024-09-08 12:00:00
L01258,U0104,view_profile,,2024-08-08 07:00:00
L01259,U0157,rate_medicine,M008,2024-03-25 10:00:00
L01260,U0084,predict_disease,D010,2024-10-30 12:00:00
L01261,U0022,search_disease,D002,2024-02-12 23:00:00
L01262,U0139,view_medicine,M005,2024-08-07 15:00:00
L01263,U0179,search_disease,D015,2024-11-27 04:00:00
L01264,U0121,view_medicine,M001,2024-03-31 01:00:00
L01265,U0094,predict_disease,D005,2024-12-13 21:00:00
L01266,U0171,download_report,,2024-10-19 02:00:00
L01267,U0080,view_medicine,M006,2024-06-18 03:00:00
L01268,U0022,view_medicine,M019,2024-01-21 19:00:00
L01269,U0050,view_medicine,M027,2024-03-28 12:00:00
L01270,U0028,logout,,2024-05-16 18:00:00
L01271,U0135,rate_medicine,M020,2024-02-06 19:00:00
L01272,U0017,rate_medicine,M005,2024-08-24 19:00:00
L01273,U0165,rate_medicine,M006,2024-12-24 16:00:00
L01274,U0156,search_disease,D008,2024-04-24 22:00:00
L01275,U0101,rate_medicine,M002,2024-06-22 21:00:00
L01276,U0122,predict_disease,D012,2024-08-19 11:00:00
L01277,U0168,rate_medicine,M010,2024-12-27 12:00:00
L01278,U0061,login,,2024-06-07 21:00:00
L01279,U0054,download_report,,2024-05-03 14:00:00
L01280,U0040,predict_disease,D012,2024-01-19 02:00:00
L01281,U0031,view_medicine,M019,2024-03-16 03:00:00
L01282,U0033,logout,,2024-03-17 23:00:00
L01283,U0198,search_disease,D005,2024-06-19 22:00:00
L01284,U0149,download_report,,2024-05-02 22:00:00
L01285,U0112,logout,,2024-07-28 03:00:00
L01286,U0182,rate_medicine,M030,2024-04-17 15:00:00
L01287,U0041,view_medicine,M012,2024-07-19 06:00:00
L01288,U0017,download_report,,2024-01-26 01:00:00
L01289,U0048,rate_medicine,M013,2024-09-11 14:00:00
L01290,U0182,login,,2024-06-14 14:00:00
L01291,U0084,predict_disease,D014,2024-12-28 13:00:00
L01292,U0193,download_report,,2024-10-17 22:00:00
L01293,U0043,predict_disease,D001,2024-05-08 13:00:00
L01294,U0086,search_disease,D008,2024-03-16 01:00:00
L01295,U0132,predict_disease,D004,2024-11-05 15:00:00
L01296,U0052,rate_medicine,M030,2024-04-02 13:00:00
L01297,U0003,view_medicine,M025,2024-11-19 11:00:00
L01298,U0158,download_report,,2024-07-09 10:00:00
L01299,U0124,view_medicine,M004,2024-09-13 06:00:00
L01300,U0038,view_profile,,2024-06-19 21:00:00
L01301,U0101,rate_medicine,M017,2024-09-27 18:00:00
L01302,U0112,view_profile,,2024-01-21 14:00:00
L01303,U0194,rate_medicine,M018,2024-08-21 01:00:00
L01304,U0005,rate_medicine,M011,2024-07-27 18:00:00
L01305,U0107,search_disease,D008,2024-08-25 19:00:00
L01306,U0081,view_profile,,2024-10-29 07:00:00
L01307,U0068,logout,,2024-06-02 20:00:00
L01308,U0059,view_medicine,M027,2024-12-08 18:00:00
L01309,U0068,rate_medicine,M013,2024-01-03 16:00:00
L01310,U0011,view_profile,,2024-04-23 14:00:00
L01311,U0102,view_profile,,2024-01-02 13:00:00
L01312,U0071,view_medicine,M003,2024-10-01 17:00:00
L01313,U0005,login,,2024-09-13 23:00:00
L01314,U0154,rate_medicine,M025,2024-12-05 01:00:00
L01315,U0149,logout,,2024-04-19 17:00:00
L01316,U0030,rate_medicine,M025,2024-04-30 12:00:00
L01317,U0046,download_report,,2024-10-06 20:00:00
L01318,U0004,view_profile,,2024-12-16 13:00:00
L01319,U0166,search_disease,D006,2024-05-05 15:00:00
L01320,U0034,view_medicine,M004,2024-05-12 05:00:00
L01321,U0066,rate_medicine,M022,2024-07-31 05:00:00
L01322,U0053,login,,2024-03-24 11:00:00
L01323,U0074,search_disease,D013,2024-06-07 17:00:00
L01324,U0040,search_disease,D002,2024-03-03 00:00:00
L01325,U0017,view_profile,,2024-05-18 05:00:00
L01326,U0116,search_disease,D013,2024-06-21 03:00:00
L01327,U0131,logout,,2024-03-03 15:00:00
L01328,U0022,rate_medicine,M026,2024-07-01 02:00:00
L01329,U0046,download_report,,2024-07-17 06:00:00
L01330,U0005,rate_medicine,M024,2024-11-13 02:00:00
L01331,U0038,search_disease,D003,2024-06-24 05:00:00
L01332,U0123,view_profile,,2024-11-19 11:00:00
L01333,U0100,view_medicine,M011,2024-08-09 03:00:00
L01334,U0055,login,,2024-03-26 06:00:00
L01335,U0199,logout,,2024-10-27 23:00:00
L01336,U0059,search_disease,D012,2024-12-02 15:00:00
L01337,U0100,logout,,2024-06-13 20:00:00
L01338,U0051,download_report,,2024-01-22 01:00:00
L01339,U0049,logout,,2024-01-02 18:00:00
L01340,U0005,download_report,,2024-12-06 11:00:00
L01341,U0107,download_report,,2024-01-04 10:00:00
L01342,U0022,logout,,2024-03-09 03:00:00
L01343,U0035,search_disease,D010,2024-08-30 15:00:00
L01344,U0031,download_report,,2024-11-15 01:00:00
L01345,U0063,download_report,,2024-06-08 17:00:00
L01346,U0076,login,,2024-01-20 03:00:00
L01347,U0171,view_medicine,M010,2024-03-11 22:00:00
L01348,U0098,rate_medicine,M027,2024-03-19 08:00:00
L01349,U0106,download_report,,2024-02-08 16:00:00
L01350,U0020,download_report,,2024-09-12 09:00:00
L01351,U0006,rate_medicine,M014,2024-01-14 09:00:00
L01352,U0048,download_report,,2024-12-30 02:00:00
L01353,U0135,predict_disease,D015,2024-11-04 19:00:00
L01354,U0030,search_disease,D006,2024-02-18 08:00:00
L01355,U0082,download_report,,2024-03-04 05:00:00
L01356,U0150,view_profile,,2024-02-10 07:00:00
L01357,U0080,view_medicine,M009,2024-10-08 17:00:00
L01358,U0183,search_disease,D013,2024-10-08 18:00:00
L01359,U0142,rate_medicine,M030,2024-12-02 09:00:00
L01360,U0104,search_disease,D015,2024-01-21 09:00:00
L01361,U0024,login,,2024-12-02 10:00:00
L01362,U0014,rate_medicine,M024,2024-03-11 02:00:00
L01363,U0002,search_disease,D010,2024-02-24 15:00:00
L01364,U0093,view_medicine,M016,2024-07-26 17:00:00
L01365,U0041,search_disease,D005,2024-10-29 17:00:00
L01366,U0021,view_profile,,2024-06-20 05:00:00
L01367,U0146,predict_disease,D011,2024-12-24 03:00:00
L01368,U0056,view_medicine,M016,2024-12-28 04:00:00
L01369,U0175,predict_disease,D012,2024-09-17 07:00:00
L01370,U0002,login,,2024-12-14 16:00:00
L01371,U0187,rate_medicine,M019,2024-04-06 15:00:00
L01372,U0016,view_profile,,2024-08-08 06:00:00
L01373,U0050,login,,2024-09-27 09:00:00
L01374,U0035,download_report,,2024-07-26 18:00:00
L01375,U0149,login,,2024-05-27 08:00:00
L01376,U0158,view_profile,,2024-03-04 22:00:00
L01377,U0066,login,,2024-11-27 19:00:00
L01378,U0001,logout,,2024-02-28 12:00:00
L01379,U0192,view_profile,,2024-05-09 22:00:00
L01380,U0048,predict_disease,D010,2024-11-24 18:00:00
L01381,U0064,search_disease,D011,2024-03-08 22:00:00
L01382,U0064,view_medicine,M008,2024-01-24 23:00:00
L01383,U0102,search_disease,D011,2024-03-09 06:00:00
L01384,U0148,rate_medicine,M004,2024-01-02 20:00:00
L01385,U0184,view_profile,,2024-02-26 22:00:00
L01386,U0028,view_medicine,M014,2024-06-23 06:00:00
L01387,U0037,logout,,2024-03-16 23:00:00
L01388,U0095,search_disease,D014,2024-06-15 13:00:00
L01389,U0169,login,,2024-09-22 21:00:00
L01390,U0170,rate_medicine,M015,2024-04-13 20:00:00
L01391,U0100,predict_disease,D004,2024-06-29 06:00:00
L01392,U0126,view_profile,,2024-09-07 08:00:00
L01393,U0013,login,,2024-05-09 00:00:00
L01394,U0119,login,,2024-03-22 01:00:00
L01395,U0118,view_medicine,M024,2024-09-25 09:00:00
L01396,U0106,view_profile,,2024-02-26 09:00:00
L01397,U0072,predict_disease,D005,2024-03-31 13:00:00
L01398,U0196,view_medicine,M016,2024-09-28 02:00:00
L01399,U0090,logout,,2024-06-04 20:00:00
L01400,U0116,view_profile,,2024-04-12 22:00:00
L01401,U0123,rate_medicine,M027,2024-07-18 08:00:00
L01402,U0057,predict_disease,D008,2024-08-12 04:00:00
L01403,U0061,view_medicine,M025,2024-11-26 15:00:00
L01404,U0057,login,,2024-10-09 16:00:00
L01405,U0069,predict_disease,D002,2024-07-08 16:00:00
L01406,U0026,rate_medicine,M023,2024-05-19 21:00:00
L01407,U0104,rate_medicine,M024,2024-01-11 02:00:00
L01408,U0073,search_disease,D004,2024-05-09 07:00:00
L01409,U0128,predict_disease,D011,2024-09-27 00:00:00
L01410,U0084,predict_disease,D001,2024-12-19 17:00:00
L01411,U0146,login,,2024-06-23 00:00:00
L01412,U0050,logout,,2024-04-05 03:00:00
L01413,U0196,rate_medicine,M024,2024-08-05 08:00:00
L01414,U0052,rate_medicine,M019,2024-11-17 12:00:00
L01415,U0025,download_report,,2024-07-13 15:00:00
L01416,U0063,view_profile,,2024-06-15 01:00:00
L01417,U0092,download_report,,2024-08-29 07:00:00
L01418,U0127,download_report,,2024-04-26 13:00:00
L01419,U0020,view_medicine,M023,2024-02-22 18:00:00
L01420,U0106,predict_disease,D004,2024-01-23 06:00:00
L01421,U0106,logout,,2024-09-30 23:00:00
L01422,U0175,search_disease,D002,2024-10-07 14:00:00
L01423,U0189,predict_disease,D004,2024-04-19 06:00:00
L01424,U0025,download_report,,2024-01-19 08:00:00
L01425,U0151,view_medicine,M030,2024-07-28 03:00:00
L01426,U0151,rate_medicine,M021,2024-08-18 06:00:00
L01427,U0061,search_disease,D006,2024-11-09 03:00:00
L01428,U0065,search_disease,D013,2024-11-02 17:00:00
L01429,U0012,view_profile,,2024-08-31 22:00:00
L01430,U0043,rate_medicine,M018,2024-12-02 22:00:00
L01431,U0126,view_medicine,M030,2024-04-20 13:00:00
L01432,U0026,download_report,,2024-02-15 16:00:00
L01433,U0148,view_profile,,2024-05-22 00:00:00
L01434,U0179,login,,2024-06-27 11:00:00
L01435,U0143,logout,,2024-12-22 05:00:00
L01436,U0025,view_medicine,M024,2024-11-17 18:00:00
L01437,U0071,view_medicine,M022,2024-04-08 05:00:00
L01438,U0189,predict_disease,D004,2024-01-24 23:00:00
L01439,U0054,predict_disease,D004,2024-04-11 04:00:00
L01440,U0016,rate_medicine,M015,2024-12-04 14:00:00
L01441,U0159,view_profile,,2024-03-09 01:00:00
L01442,U0186,search_disease,D012,2024-04-14 11:00:00
L01443,U0176,rate_medicine,M027,2024-08-09 04:00:00
L01444,U0041,search_disease,D014,2024-08-30 12:00:00
L01445,U0096,view_medicine,M006,2024-01-18 17:00:00
L01446,U0108,predict_disease,D011,2024-02-25 02:00:00
L01447,U0019,predict_disease,D004,2024-03-19 13:00:00
L01448,U0059,search_disease,D007,2024-12-24 05:00:00
L01449,U0134,rate_medicine,M023,2024-12-31 17:00:00
L01450,U0116,download_report,,2024-03-21 19:00:00
L01451,U0115,view_profile,,2024-08-05 05:00:00
L01452,U0072,logout,,2024-06-10 08:00:00
L01453,U0188,view_profile,,2024-01-11 06:00:00
L01454,U0076,login,,2024-07-11 17:00:00
L01455,U0024,logout,,2024-10-24 03:00:00
L01456,U0014,predict_disease,D015,2024-04-27 23:00:00
L01457,U0123,search_disease,D009,2024-07-21 20:00:00
L01458,U0133,predict_disease,D001,2024-04-02 17:00:00
L01459,U0033,view_profile,,2024-05-03 01:00:00
L01460,U0138,search_disease,D004,2024-10-09 02:00:00
L01461,U0135,download_report,,2024-10-02 02:00:00
L01462,U0086,rate_medicine,M009,2024-10-08 04:00:00
L01463,U0110,predict_disease,D001,2024-09-08 06:00:00
L01464,U0057,predict_disease,D013,2024-12-23 20:00:00
L01465,U0038,search_disease,D009,2024-11-15 14:00:00
L01466,U0185,search_disease,D007,2024-11-20 17:00:00
L01467,U0195,search_disease,D012,2024-06-13 14:00:00
L01468,U0071,predict_disease,D011,2024-06-21 00:00:00
L01469,U0003,view_medicine,M025,2024-01-14 21:00:00
L01470,U0186,view_medicine,M028,2024-01-16 02:00:00
L01471,U0043,download_report,,2024-11-22 18:00:00
L01472,U0177,search_disease,D002,2024-04-07 15:00:00
L01473,U0138,search_disease,D008,2024-11-27 11:00:00
L01474,U0162,view_medicine,M026,2024-11-05 00:00:00
L01475,U0081,predict_disease,D006,2024-07-13 21:00:00
L01476,U0130,search_disease,D013,2024-11-26 09:00:00
L01477,U0041,rate_medicine,M009,2024-02-13 17:00:00
L01478,U0172,predict_disease,D010,2024-10-22 17:00:00
L01479,U0074,logout,,2024-09-08 16:00:00
L01480,U0045,search_disease,D003,2024-05-27 16:00:00
L01481,U0098,view_medicine,M011,2024-08-28 01:00:00
L01482,U0120,login,,2024-01-14 01:00:00
L01483,U0170,view_medicine,M001,2024-05-13 07:00:00
L01484,U0089,login,,2024-11-21 10:00:00
L01485,U0186,search_disease,D006,2024-09-21 08:00:00
L01486,U0097,predict_disease,D007,2024-10-15 03:00:00
L01487,U0106,view_profile,,2024-03-17 08:00:00
L01488,U0083,view_profile,,2024-07-08 21:00:00
L01489,U0080,view_medicine,M012,2024-03-28 18:00:00
L01490,U0187,login,,2024-01-22 17:00:00
L01491,U0121,view_medicine,M021,2024-01-28 13:00:00
L01492,U0062,view_profile,,2024-07-29 19:00:00
L01493,U0159,logout,,2024-06-30 00:00:00
L01494,U0017,predict_disease,D003,2024-02-01 08:00:00
L01495,U0032,view_medicine,M030,2024-07-19 08:00:00
L01496,U0143,search_disease,D015,2024-09-27 23:00:00
L01497,U0161,view_medicine,M009,2024-05-12 20:00:00
L01498,U0122,predict_disease,D009,2024-09-12 07:00:00
L01499,U0097,view_profile,,2024-04-06 16:00:00
L01500,U0069,search_disease,D007,2024-05-04 04:00:00
L01501,U0179,search_disease,D003,2024-07-23 19:00:00
L01502,U0044,rate_medicine,M024,2024-09-24 18:00:00
L01503,U0077,rate_medicine,M014,2024-03-22 00:00:00
L01504,U0108,view_profile,,2024-03-07 11:00:00
L01505,U0055,login,,2024-02-23 09:00:00
L01506,U0119,rate_medicine,M003,2024-01-21 12:00:00
L01507,U0100,rate_medicine,M021,2024-03-21 11:00:00
L01508,U0194,download_report,,2024-05-28 01:00:00
L01509,U0059,predict_disease,D007,2024-12-11 11:00:00
L01510,U0140,download_report,,2024-12-15 05:00:00
L01511,U0187,rate_medicine,M007,2024-01-12 21:00:00
L01512,U0097,search_disease,D008,2024-06-06 13:00:00
L01513,U0075,rate_medicine,M028,2024-09-19 18:00:00
L01514,U0058,view_medicine,M025,2024-02-25 11:00:00
L01515,U0143,view_profile,,2024-12-23 16:00:00
L01516,U0071,predict_disease,D014,2024-06-18 23:00:00
L01517,U0157,predict_disease,D008,2024-12-22 01:00:00
L01518,U0010,download_report,,2024-05-28 21:00:00
L01519,U0075,view_medicine,M028,2024-05-02 06:00:00
L01520,U0054,view_profile,,2024-06-30 06:00:00
L01521,U0081,rate_medicine,M019,2024-12-28 03:00:00
L01522,U0187,login,,2024-04-23 04:00:00
L01523,U0025,search_disease,D002,2024-12-30 19:00:00
L01524,U0135,logout,,2024-08-26 23:00:00
L01525,U0013,search_disease,D009,2024-11-06 06:00:00
L01526,U0152,view_profile,,2024-02-16 20:00:00
L01527,U0127,view_profile,,2024-04-20 04:00:00
L01528,U0165,login,,2024-06-14 07:00:00
L01529,U0105,view_medicine,M029,2024-01-18 23:00:00
L01530,U0193,search_disease,D002,2024-11-09 16:00:00
L01531,U0195,logout,,2024-06-16 12:00:00
L01532,U0129,search_disease,D008,2024-07-27 17:00:00
L01533,U0048,view_medicine,M001,2024-04-16 00:00:00
L01534,U0028,view_medicine,M019,2024-06-20 13:00:00
L01535,U0033,search_disease,D009,2024-11-01 16:00:00
L01536,U0177,view_medicine,M008,2024-07-12 10:00:00
L01537,U0164,logout,,2024-12-25 15:00:00
L01538,U0073,rate_medicine,M024,2024-11-01 03:00:00
L01539,U0001,login,,2024-11-13 21:00:00
L01540,U0101,view_profile,,2024-07-07 19:00:00
L01541,U0035,download_report,,2024-01-30 02:00:00
L01542,U0019,rate_medicine,M020,2024-03-04 16:00:00
L01543,U0139,rate_medicine,M004,2024-05-29 07:00:00
L01544,U0102,view_profile,,2024-09-28 15:00:00
L01545,U0007,download_report,,2024-10-27 04:00:00
L01546,U0050,login,,2024-03-28 23:00:00
L01547,U0156,predict_disease,D004,2024-11-04 16:00:00
L01548,U0062,predict_disease,D002,2024-08-19 08:00:00
L01549,U0087,download_report,,2024-08-02 02:00:00
L01550,U0010,search_disease,D005,2024-12-22 23:00:00
L01551,U0134,rate_medicine,M005,2024-10-01 13:00:00
L01552,U0094,view_medicine,M027,2024-11-18 00:00:00
L01553,U0061,download_report,,2024-09-09 12:00:00
L01554,U0112,login,,2024-01-24 16:00:00
L01555,U0192,search_disease,D002,2024-03-06 13:00:00
L01556,U0050,view_medicine,M002,2024-01-29 16:00:00
L01557,U0093,view_profile,,2024-07-18 12:00:00
L01558,U0196,search_disease,D014,2024-01-14 12:00:00
L01559,U0117,predict_disease,D011,2024-02-07 10:00:00
L01560,U0026,view_profile,,2024-03-30 06:00:00
L01561,U0088,rate_medicine,M029,2024-07-01 01:00:00
L01562,U0131,login,,2024-10-08 05:00:00
L01563,U0147,login,,2024-02-25 15:00:00
L01564,U0109,logout,,2024-10-14 20:00:00
L01565,U0054,predict_disease,D010,2024-09-25 08:00:00
L01566,U0011,rate_medicine,M024,2024-02-29 07:00:00
L01567,U0142,rate_medicine,M029,2024-01-03 16:00:00
L01568,U0200,logout,,2024-04-09 10:00:00
L01569,U0123,rate_medicine,M008,2024-12-07 17:00:00
L01570,U0012,predict_disease,D007,2024-04-18 07:00:00
L01571,U0158,download_report,,2024-03-04 01:00:00
L01572,U0095,search_disease,D011,2024-08-19 22:00:00
L01573,U0013,view_medicine,M020,2024-09-16 11:00:00
L01574,U0075,search_disease,D013,2024-05-26 18:00:00
L01575,U0005,predict_disease,D015,2024-12-31 14:00:00
L01576,U0043,rate_medicine,M019,2024-07-25 19:00:00
L01577,U0197,login,,2024-11-15 18:00:00
L01578,U0200,login,,2024-12-02 09:00:00
L01579,U0023,logout,,2024-09-24 09:00:00
L01580,U0094,predict_disease,D009,2024-10-23 12:00:00
L01581,U0038,view_profile,,2024-06-18 18:00:00
L01582,U0006,search_disease,D005,2024-09-13 09:00:00
L01583,U0045,view_profile,,2024-04-07 03:00:00
L01584,U0200,predict_disease,D014,2024-04-24 09:00:00
L01585,U0111,predict_disease,D013,2024-07-25 18:00:00
L01586,U0160,view_medicine,M014,2024-12-24 00:00:00
L01587,U0040,logout,,2024-07-22 20:00:00
L01588,U0196,search_disease,D008,2024-08-01 00:00:00
L01589,U0045,logout,,2024-04-20 09:00:00
L01590,U0134,view_profile,,2024-11-06 07:00:00
L01591,U0172,download_report,,2024-12-05 19:00:00
L01592,U0167,download_report,,2024-05-04 16:00:00
L01593,U0144,predict_disease,D011,2024-01-09 09:00:00
L01594,U0089,view_medicine,M029,2024-07-27 21:00:00
L01595,U0178,search_disease,D003,2024-10-16 19:00:00
L01596,U0088,login,,2024-01-16 17:00:00
L01597,U0152,predict_disease,D007,2024-07-02 17:00:00
L01598,U0170,predict_disease,D007,2024-05-16 02:00:00
L01599,U0147,login,,2024-07-12 11:00:00
L01600,U0162,login,,2024-02-07 06:00:00
L01601,U0124,view_medicine,M018,2024-08-06 03:00:00
L01602,U0049,predict_disease,D013,2024-09-27 10:00:00
L01603,U0193,download_report,,2024-03-02 08:00:00
L01604,U0199,view_profile,,2024-05-16 12:00:00
L01605,U0151,predict_disease,D004,2024-06-08 16:00:00
L01606,U0011,rate_medicine,M021,2024-01-16 05:00:00
L01607,U0193,logout,,2024-04-24 00:00:00
L01608,U0132,view_medicine,M022,2024-08-10 19:00:00
L01609,U0100,login,,2024-02-02 01:00:00
L01610,U0196,search_disease,D014,2024-07-17 16:00:00
L01611,U0020,view_profile,,2024-02-11 21:00:00
L01612,U0157,view_profile,,2024-06-20 00:00:00
L01613,U0097,view_medicine,M003,2024-09-27 01:00:00
L01614,U0076,rate_medicine,M003,2024-11-18 19:00:00
L01615,U0189,search_disease,D014,2024-06-13 01:00:00
L01616,U0105,logout,,2024-03-31 20:00:00
L01617,U0150,view_profile,,2024-08-14 20:00:00
L01618,U0161,login,,2024-03-14 01:00:00
L01619,U0057,download_report,,2024-11-22 08:00:00
L01620,U0127,rate_medicine,M001,2024-08-13 14:00:00
L01621,U0042,rate_medicine,M013,2024-01-30 22:00:00
L01622,U0036,logout,,2024-07-25 13:00:00
L01623,U0036,predict_disease,D010,2024-06-25 00:00:00
L01624,U0126,search_disease,D012,2024-11-16 15:00:00
L01625,U0013,login,,2024-03-23 18:00:00
L01626,U0200,search_disease,D013,2024-05-14 00:00:00
L01627,U0135,login,,2024-12-11 17:00:00
L01628,U0050,rate_medicine,M003,2024-04-11 06:00:00
L01629,U0060,logout,,2024-02-15 04:00:00
L01630,U0092,download_report,,2024-03-28 06:00:00
L01631,U0103,download_report,,2024-02-25 14:00:00
L01632,U0003,search_disease,D008,2024-04-14 05:00:00
L01633,U0155,search_disease,D002,2024-03-24 00:00:00
L01634,U0029,login,,2024-04-22 13:00:00
L01635,U0132,view_profile,,2024-12-08 10:00:00
L01636,U0127,predict_disease,D008,2024-10-06 18:00:00
L01637,U0097,download_report,,2024-03-03 06:00:00
L01638,U0115,view_profile,,2024-02-08 21:00:00
L01639,U0068,rate_medicine,M010,2024-10-30 01:00:00
L01640,U0149,predict_disease,D014,2024-06-14 01:00:00
L01641,U0102,predict_disease,D014,2024-05-30 16:00:00
L01642,U0025,view_medicine,M027,2024-08-08 08:00:00
L01643,U0061,rate_medicine,M002,2024-08-19 06:00:00
L01644,U0027,rate_medicine,M027,2024-07-22 15:00:00
L01645,U0037,search_disease,D015,2024-08-25 23:00:00
L01646,U0171,logout,,2024-09-19 05:00:00
L01647,U0004,predict_disease,D002,2024-03-23 20:00:00
L01648,U0126,search_disease,D015,2024-10-28 17:00:00
L01649,U0161,predict_disease,D002,2024-04-09 08:00:00
L01650,U0044,login,,2024-10-20 17:00:00
L01651,U0189,download_report,,2024-09-08 23:00:00
L01652,U0060,logout,,2024-08-06 07:00:00
L01653,U0030,view_profile,,2024-09-20 05:00:00
L01654,U0105,download_report,,2024-01-15 10:00:00
L01655,U0147,view_profile,,2024-08-18 23:00:00
L01656,U0180,view_medicine,M016,2024-10-28 17:00:00
L01657,U0104,login,,2024-12-14 03:00:00
L01658,U0123,logout,,2024-12-24 01:00:00
L01659,U0128,login,,2024-04-30 12:00:00
L01660,U0004,predict_disease,D014,2024-07-05 00:00:00
L01661,U0139,login,,2024-03-14 02:00:00
L01662,U0058,predict_disease,D003,2024-11-18 11:00:00
L01663,U0173,download_report,,2024-03-22 02:00:00
L01664,U0174,login,,2024-12-03 11:00:00
L01665,U0086,view_medicine,M025,2024-10-03 14:00:00
L01666,U0068,search_disease,D011,2024-07-26 18:00:00
L01667,U0019,predict_disease,D012,2024-09-24 20:00:00
L01668,U0147,predict_disease,D002,2024-03-12 10:00:00
L01669,U0117,login,,2024-10-31 01:00:00
L01670,U0111,rate_medicine,M008,2024-11-15 19:00:00
L01671,U0140,rate_medicine,M026,2024-01-09 05:00:00
L01672,U0010,predict_disease,D015,2024-06-18 01:00:00
L01673,U0170,view_profile,,2024-10-04 13:00:00
L01674,U0075,rate_medicine,M017,2024-11-27 04:00:00
L01675,U0156,rate_medicine,M029,2024-06-21 23:00:00
L01676,U0022,search_disease,D011,2024-05-25 11:00:00
L01677,U0161,logout,,2024-10-06 16:00:00
L01678,U0193,logout,,2024-01-19 22:00:00
L01679,U0024,logout,,2024-07-01 05:00:00
L01680,U0140,view_profile,,2024-07-24 14:00:00
L01681,U0123,login,,2024-04-10 17:00:00
L01682,U0158,predict_disease,D001,2024-08-19 08:00:00
L01683,U0200,login,,2024-02-09 19:00:00
L01684,U0161,search_disease,D012,2024-12-05 14:00:00
L01685,U0157,logout,,2024-09-29 15:00:00
L01686,U0139,login,,2024-03-17 19:00:00
L01687,U0130,login,,2024-09-11 22:00:00
L01688,U0034,predict_disease,D014,2024-06-12 16:00:00
L01689,U0127,view_profile,,2024-01-20 20:00:00
L01690,U0175,download_report,,2024-09-25 00:00:00
L01691,U0165,login,,2024-04-05 21:00:00
L01692,U0095,view_profile,,2024-01-27 22:00:00
L01693,U0008,rate_medicine,M029,2024-12-05 11:00:00
L01694,U0098,login,,2024-11-13 10:00:00
L01695,U0146,logout,,2024-01-20 00:00:00
L01696,U0072,search_disease,D003,2024-10-04 05:00:00
L01697,U0096,download_report,,2024-05-17 08:00:00
L01698,U0135,predict_disease,D015,2024-07-20 14:00:00
L01699,U0051,login,,2024-03-12 11:00:00
L01700,U0164,rate_medicine,M006,2024-05-06 20:00:00
L01701,U0137,predict_disease,D011,2024-10-21 08:00:00
L01702,U0057,login,,2024-04-09 17:00:00
L01703,U0104,search_disease,D006,2024-03-25 08:00:00
L01704,U0175,search_disease,D011,2024-06-16 05:00:00
L01705,U0185,download_report,,2024-09-04 05:00:00
L01706,U0100,download_report,,2024-03-26 18:00:00
L01707,U0151,predict_disease,D007,2024-04-23 22:00:00
L01708,U0088,view_profile,,2024-09-28 19:00:00
L01709,U0027,download_report,,2024-04-24 16:00:00
L01710,U0182,search_disease,D009,2024-07-19 11:00:00
L01711,U0007,download_report,,2024-11-26 15:00:00
L01712,U0144,rate_medicine,M013,2024-06-15 00:00:00
L01713,U0194,download_report,,2024-09-06 21:00:00
L01714,U0067,rate_medicine,M027,2024-04-24 00:00:00
L01715,U0079,view_profile,,2024-11-17 19:00:00
L01716,U0173,search_disease,D015,2024-09-19 18:00:00
L01717,U0029,search_disease,D015,2024-09-03 19:00:00
L01718,U0043,logout,,2024-01-25 06:00:00
L01719,U0149,download_report,,2024-04-30 08:00:00
L01720,U0094,view_medicine,M003,2024-04-17 12:00:00
L01721,U0084,rate_medicine,M003,2024-05-30 14:00:00
L01722,U0084,search_disease,D006,2024-04-13 03:00:00
L01723,U0187,view_profile,,2024-03-29 11:00:00
L01724,U0108,view_profile,,2024-08-31 23:00:00
L01725,U0110,search_disease,D004,2024-08-17 10:00:00
L01726,U0159,view_medicine,M001,2024-05-16 04:00:00
L01727,U0198,search_disease,D005,2024-02-14 01:00:00
L01728,U0046,download_report,,2024-08-21 12:00:00
L01729,U0152,search_disease,D012,2024-09-25 15:00:00
L01730,U0188,view_medicine,M020,2024-03-08 15:00:00
L01731,U0093,view_medicine,M009,2024-03-07 07:00:00
L01732,U0103,download_report,,2024-03-24 04:00:00
L01733,U0143,download_report,,2024-08-07 13:00:00
L01734,U0198,view_medicine,M011,2024-10-25 16:00:00
L01735,U0194,login,,2024-08-18 17:00:00
L01736,U0072,logout,,2024-06-01 05:00:00
L01737,U0181,predict_disease,D008,2024-06-21 16:00:00
L01738,U0190,download_report,,2024-12-08 08:00:00
L01739,U0188,download_report,,2024-10-28 13:00:00
L01740,U0082,download_report,,2024-12-30 19:00:00
L01741,U0129,rate_medicine,M006,2024-03-06 09:00:00
L01742,U0178,search_disease,D002,2024-08-07 10:00:00
L01743,U0002,view_medicine,M005,2024-01-21 01:00:00
L01744,U0079,predict_disease,D013,2024-07-09 20:00:00
L01745,U0151,view_profile,,2024-11-27 07:00:00
L01746,U0034,search_disease,D004,2024-11-25 03:00:00
L01747,U0082,download_report,,2024-02-05 06:00:00
L01748,U0088,view_medicine,M011,2024-09-03 01:00:00
L01749,U0163,view_profile,,2024-11-20 13:00:00
L01750,U0026,predict_disease,D011,2024-05-25 09:00:00
L01751,U0134,rate_medicine,M028,2024-09-25 19:00:00
L01752,U0099,login,,2024-10-27 19:00:00
L01753,U0037,logout,,2024-09-12 22:00:00
L01754,U0109,view_profile,,2024-08-17 20:00:00
L01755,U0185,logout,,2024-05-29 20:00:00
L01756,U0039,login,,2024-01-04 04:00:00
L01757,U0132,download_report,,2024-12-26 05:00:00
L01758,U0074,download_report,,2024-04-17 02:00:00
L01759,U0045,view_profile,,2024-12-28 17:00:00
L01760,U0035,search_disease,D012,2024-04-07 02:00:00
L01761,U0156,predict_disease,D004,2024-03-14 20:00:00
L01762,U0079,view_medicine,M021,2024-11-15 02:00:00
L01763,U0190,view_medicine,M013,2024-01-05 02:00:00
L01764,U0107,view_profile,,2024-05-14 15:00:00
L01765,U0184,predict_disease,D004,2024-10-10 14:00:00
L01766,U0007,download_report,,2024-09-29 05:00:00
L01767,U0104,logout,,2024-09-22 22:00:00
L01768,U0117,search_disease,D011,2024-03-31 05:00:00
L01769,U0123,download_report,,2024-08-25 10:00:00
L01770,U0093,rate_medicine,M024,2024-10-14 20:00:00
L01771,U0035,rate_medicine,M016,2024-07-13 04:00:00
L01772,U0037,view_medicine,M011,2024-11-12 02:00:00
L01773,U0098,logout,,2024-12-02 17:00:00
L01774,U0187,view_profile,,2024-02-22 12:00:00
L01775,U0047,view_medicine,M018,2024-08-13 03:00:00
L01776,U0045,logout,,2024-02-02 14:00:00
L01777,U0051,view_profile,,2024-08-14 22:00:00
L01778,U0145,view_profile,,2024-12-01 18:00:00
L01779,U0008,predict_disease,D014,2024-06-15 05:00:00
L01780,U0148,predict_disease,D003,2024-10-17 19:00:00
L01781,U0190,view_profile,,2024-07-29 05:00:00
L01782,U0110,search_disease,D012,2024-06-16 21:00:00
L01783,U0078,search_disease,D011,2024-04-30 17:00:00
L01784,U0043,predict_disease,D004,2024-06-15 20:00:00
L01785,U0180,download_report,,2024-05-05 18:00:00
L01786,U0082,view_profile,,2024-10-11 09:00:00
L01787,U0032,rate_medicine,M014,2024-09-07 23:00:00
L01788,U0189,logout,,2024-09-09 07:00:00
L01789,U0101,predict_disease,D013,2024-05-28 07:00:00
L01790,U0086,view_medicine,M019,2024-05-13 08:00:00
L01791,U0157,logout,,2024-02-29 05:00:00
L01792,U0155,logout,,2024-10-25 14:00:00
L01793,U0147,view_medicine,M006,2024-03-30 14:00:00
L01794,U0015,search_disease,D003,2024-06-18 07:00:00
L01795,U0195,logout,,2024-09-26 15:00:00
L01796,U0126,search_disease,D004,2024-12-28 10:00:00
L01797,U0143,predict_disease,D010,2024-09-22 07:00:00
L01798,U0008,predict_disease,D003,2024-12-11 03:00:00
L01799,U0094,predict_disease,D013,2024-07-22 23:00:00
L01800,U0049,view_medicine,M018,2024-03-29 01:00:00
L01801,U0195,view_medicine,M009,2024-10-10 15:00:00
L01802,U0133,logout,,2024-09-14 16:00:00
L01803,U0090,logout,,2024-12-16 06:00:00
L01804,U0171,download_report,,2024-09-20 11:00:00
L01805,U0164,predict_disease,D004,2024-09-30 12:00:00
L01806,U0193,view_medicine,M026,2024-01-21 06:00:00
L01807,U0078,view_medicine,M009,2024-04-30 12:00:00
L01808,U0147,search_disease,D014,2024-10-20 10:00:00
L01809,U0018,search_disease,D008,2024-06-26 05:00:00
L01810,U0187,view_profile,,2024-10-19 02:00:00
L01811,U0039,view_medicine,M025,2024-11-25 18:00:00
L01812,U0187,predict_disease,D013,2024-10-27 23:00:00
L01813,U0170,download_report,,2024-01-13 02:00:00
L01814,U0123,rate_medicine,M007,2024-05-21 20:00:00
L01815,U0015,view_profile,,2024-11-09 06:00:00
L01816,U0107,view_medicine,M019,2024-08-28 02:00:00
L01817,U0176,view_profile,,2024-10-30 15:00:00
L01818,U0030,search_disease,D010,2024-03-15 12:00:00
L01819,U0039,view_medicine,M021,2024-03-18 03:00:00
L01820,U0041,view_profile,,2024-03-01 21:00:00
L01821,U0105,logout,,2024-08-26 21:00:00
L01822,U0030,predict_disease,D001,2024-11-06 23:00:00
L01823,U0029,search_disease,D002,2024-07-14 12:00:00
L01824,U0047,search_disease,D003,2024-01-22 03:00:00
L01825,U0035,view_medicine,M015,2024-06-24 21:00:00
L01826,U0064,logout,,2024-04-11 19:00:00
L01827,U0010,view_profile,,2024-05-30 18:00:00
L01828,U0111,view_profile,,2024-07-13 10:00:00
L01829,U0138,view_profile,,2024-01-07 21:00:00
L01830,U0167,predict_disease,D008,2024-12-06 09:00:00
L01831,U0196,search_disease,D003,2024-05-24 05:00:00
L01832,U0073,search_disease,D002,2024-01-12 17:00:00
L01833,U0161,login,,2024-09-25 04:00:00
L01834,U0003,download_report,,2024-10-22 21:00:00
L01835,U0035,download_report,,2024-03-17 19:00:00
L01836,U0033,rate_medicine,M013,2024-01-09 18:00:00
L01837,U0180,view_profile,,2024-07-06 11:00:00
L01838,U0017,login,,2024-12-01 00:00:00
L01839,U0184,view_profile,,2024-12-07 18:00:00
L01840,U0033,download_report,,2024-12-21 18:00:00
L01841,U0005,logout,,2024-02-19 07:00:00
L01842,U0031,logout,,2024-03-13 08:00:00
L01843,U0109,view_profile,,2024-07-02 17:00:00
L01844,U0139,download_report,,2024-07-06 12:00:00
L01845,U0034,rate_medicine,M025,2024-04-18 00:00:00
L01846,U0191,rate_medicine,M003,2024-03-20 00:00:00
L01847,U0014,predict_disease,D008,2024-08-04 03:00:00
L01848,U0158,download_report,,2024-03-23 15:00:00
L01849,U0143,view_profile,,2024-09-10 08:00:00
L01850,U0154,view_medicine,M006,2024-11-13 01:00:00
L01851,U0185,logout,,2024-02-13 13:00:00
L01852,U0152,login,,2024-01-12 13:00:00
L01853,U0034,view_profile,,2024-03-05 09:00:00
L01854,U0082,search_disease,D006,2024-05-13 05:00:00
L01855,U0180,view_medicine,M008,2024-12-29 09:00:00
L01856,U0016,view_medicine,M008,2024-03-04 00:00:00
L01857,U0104,download_report,,2024-09-11 18:00:00
L01858,U0095,logout,,2024-08-04 09:00:00
L01859,U0114,search_disease,D006,2024-10-29 21:00:00
L01860,U0096,download_report,,2024-05-25 13:00:00
L01861,U0065,predict_disease,D004,2024-09-02 03:00:00
L01862,U0065,predict_disease,D014,2024-08-24 13:00:00
L01863,U0012,view_medicine,M004,2024-10-11 01:00:00
L01864,U0132,search_disease,D013,2024-03-03 01:00:00
L01865,U0007,view_profile,,2024-07-30 17:00:00
L01866,U0026,view_profile,,2024-08-18 12:00:00
L01867,U0024,rate_medicine,M025,2024-09-07 05:00:00
L01868,U0133,login,,2024-01-22 17:00:00
L01869,U0025,view_medicine,M017,2024-12-09 11:00:00
L01870,U0028,logout,,2024-03-16 18:00:00
L01871,U0185,view_medicine,M028,2024-02-25 10:00:00
L01872,U0022,view_medicine,M015,2024-04-10 16:00:00
L01873,U0116,view_medicine,M014,2024-02-22 07:00:00
L01874,U0183,view_medicine,M015,2024-04-27 10:00:00
L01875,U0074,search_disease,D001,2024-07-03 16:00:00
L01876,U0077,rate_medicine,M016,2024-04-12 12:00:00
L01877,U0181,predict_disease,D002,2024-04-10 00:00:00
L01878,U0112,view_medicine,M019,2024-04-03 11:00:00
L01879,U0115,download_report,,2024-08-06 22:00:00
L01880,U0153,login,,2024-05-09 15:00:00
L01881,U0031,view_medicine,M007,2024-10-14 00:00:00
L01882,U0051,download_report,,2024-12-09 06:00:00
L01883,U0041,login,,2024-08-13 08:00:00
L01884,U0101,login,,2024-08-11 04:00:00
L01885,U0150,search_disease,D006,2024-02-02 16:00:00
L01886,U0036,view_profile,,2024-12-24 15:00:00
L01887,U0015,view_medicine,M002,2024-05-16 12:00:00
L01888,U0109,login,,2024-02-21 09:00:00
L01889,U0161,download_report,,2024-10-28 00:00:00
L01890,U0030,search_disease,D013,2024-01-26 14:00:00
L01891,U0171,logout,,2024-08-27 03:00:00
L01892,U0006,rate_medicine,M002,2024-12-01 08:00:00
L01893,U0140,view_profile,,2024-10-09 02:00:00
L01894,U0001,rate_medicine,M019,2024-06-10 07:00:00
L01895,U0045,search_disease,D006,2024-01-22 08:00:00
L01896,U0151,view_medicine,M026,2024-06-01 20:00:00
L01897,U0102,logout,,2024-11-06 16:00:00
L01898,U0164,logout,,2024-04-24 20:00:00
L01899,U0119,search_disease,D004,2024-10-29 14:00:00
L01900,U0107,search_disease,D014,2024-07-14 19:00:00
L01901,U0106,rate_medicine,M004,2024-07-14 03:00:00
L01902,U0125,predict_disease,D004,2024-05-26 01:00:00
L01903,U0123,logout,,2024-10-19 08:00:00
L01904,U0060,view_profile,,2024-03-30 10:00:00
L01905,U0047,login,,2024-04-17 23:00:00
L01906,U0146,rate_medicine,M019,2024-02-28 19:00:00
L01907,U0004,logout,,2024-02-04 22:00:00
L01908,U0111,rate_medicine,M006,2024-12-04 04:00:00
L01909,U0120,view_medicine,M007,2024-01-27 16:00:00
L01910,U0139,logout,,2024-03-28 03:00:00
L01911,U0015,search_disease,D007,2024-03-22 21:00:00
L01912,U0170,view_medicine,M021,2024-11-17 08:00:00
L01913,U0140,search_disease,D014,2024-02-12 07:00:00
L01914,U0176,download_report,,2024-12-25 19:00:00
L01915,U0038,logout,,2024-02-27 02:00:00
L01916,U0006,logout,,2024-10-02 16:00:00
L01917,U0170,rate_medicine,M030,2024-09-17 00:00:00
L01918,U0103,search_disease,D009,2024-05-13 09:00:00
L01919,U0195,predict_disease,D003,2024-03-02 14:00:00
L01920,U0134,download_report,,2024-09-19 23:00:00
L01921,U0147,view_profile,,2024-08-13 16:00:00
L01922,U0113,download_report,,2024-01-06 17:00:00
L01923,U0007,predict_disease,D001,2024-05-12 17:00:00
L01924,U0122,view_medicine,M014,2024-06-12 15:00:00
L01925,U0047,search_disease,D014,2024-04-06 12:00:00
L01926,U0153,search_disease,D005,2024-07-25 02:00:00
L01927,U0041,search_disease,D015,2024-09-18 15:00:00
L01928,U0043,rate_medicine,M026,2024-11-03 21:00:00
L01929,U0144,login,,2024-09-15 04:00:00
L01930,U0186,logout,,2024-07-19 18:00:00
L01931,U0171,logout,,2024-11-21 01:00:00
L01932,U0151,rate_medicine,M002,2024-06-30 07:00:00
L01933,U0023,search_disease,D005,2024-10-24 13:00:00
L01934,U0110,search_disease,D006,2024-01-23 15:00:00
L01935,U0046,view_profile,,2024-09-06 09:00:00
L01936,U0086,view_profile,,2024-07-12 11:00:00
L01937,U0118,search_disease,D013,2024-10-24 21:00:00
L01938,U0047,login,,2024-05-29 20:00:00
L01939,U0155,view_medicine,M029,2024-08-03 22:00:00
L01940,U0157,rate_medicine,M027,2024-07-11 12:00:00
L01941,U0185,view_profile,,2024-05-15 19:00:00
L01942,U0007,login,,2024-05-16 14:00:00
L01943,U0017,rate_medicine,M005,2024-08-15 00:00:00
L01944,U0087,predict_disease,D009,2024-02-22 12:00:00
L01945,U0092,predict_disease,D003,2024-10-23 07:00:00
L01946,U0071,login,,2024-10-04 17:00:00
L01947,U0129,predict_disease,D001,2024-10-20 07:00:00
L01948,U0103,rate_medicine,M018,2024-09-29 22:00:00
L01949,U0158,view_profile,,2024-01-22 13:00:00
L01950,U0102,predict_disease,D005,2024-09-02 04:00:00
L01951,U0155,logout,,2024-10-21 02:00:00
L01952,U0006,login,,2024-11-15 02:00:00
L01953,U0019,search_disease,D005,2024-04-19 03:00:00
L01954,U0092,view_profile,,2024-12-04 19:00:00
L01955,U0053,predict_disease,D014,2024-12-31 13:00:00
L01956,U0055,search_disease,D004,2024-08-31 23:00:00
L01957,U0001,login,,2024-06-23 05:00:00
L01958,U0012,view_profile,,2024-05-10 10:00:00
L01959,U0086,search_disease,D007,2024-12-24 00:00:00
L01960,U0072,predict_disease,D006,2024-06-03 15:00:00
L01961,U0032,predict_disease,D005,2024-11-11 03:00:00
L01962,U0082,login,,2024-11-28 01:00:00
L01963,U0179,view_profile,,2024-05-28 08:00:00
L01964,U0146,view_medicine,M026,2024-08-01 12:00:00
L01965,U0194,search_disease,D008,2024-09-04 23:00:00
L01966,U0133,search_disease,D013,2024-03-05 22:00:00
L01967,U0138,rate_medicine,M020,2024-10-20 17:00:00
L01968,U0139,view_medicine,M018,2024-01-02 12:00:00
L01969,U0142,logout,,2024-03-15 03:00:00
L01970,U0114,rate_medicine,M003,2024-05-18 13:00:00
L01971,U0058,search_disease,D013,2024-06-16 19:00:00
L01972,U0101,predict_disease,D015,2024-11-16 12:00:00
L01973,U0109,rate_medicine,M018,2024-11-11 21:00:00
L01974,U0179,view_profile,,2024-10-24 12:00:00
L01975,U0080,logout,,2024-09-16 12:00:00
L01976,U0024,rate_medicine,M023,2024-06-16 10:00:00
L01977,U0169,rate_medicine,M011,2024-01-26 03:00:00
L01978,U0035,search_disease,D010,2024-11-02 21:00:00
L01979,U0176,predict_disease,D001,2024-09-01 11:00:00
L01980,U0179,view_profile,,2024-07-14 22:00:00
L01981,U0030,view_medicine,M012,2024-02-06 15:00:00
L01982,U0175,search_disease,D007,2024-02-01 07:00:00
L01983,U0054,login,,2024-08-03 10:00:00
L01984,U0106,view_profile,,2024-12-29 20:00:00
L01985,U0132,predict_disease,D002,2024-10-23 08:00:00
L01986,U0096,download_report,,2024-11-02 01:00:00
L01987,U0125,login,,2024-01-04 01:00:00
L01988,U0168,view_medicine,M020,2024-11-29 18:00:00
L01989,U0035,rate_medicine,M026,2024-06-01 16:00:00
L01990,U0013,rate_medicine,M006,2024-05-30 12:00:00
L01991,U0175,login,,2024-05-20 23:00:00
L01992,U0111,login,,2024-09-11 13:00:00
L01993,U0112,view_medicine,M011,2024-05-14 05:00:00
L01994,U0080,view_medicine,M027,2024-06-10 13:00:00
L01995,U0126,download_report,,2024-08-14 10:00:00
L01996,U0116,view_medicine,M019,2024-06-06 10:00:00
L01997,U0050,view_profile,,2024-09-16 19:00:00
L01998,U0034,view_medicine,M014,2024-05-04 11:00:00
L01999,U0104,rate_medicine,M026,2024-07-14 04:00:00
L02000,U0108,predict_disease,D013,2024-06-21 22:00:00
L02001,U0028,rate_medicine,M002,2024-07-22 20:00:00
L02002,U0155,download_report,,2024-11-07 11:00:00
L02003,U0014,view_profile,,2024-01-05 22:00:00
L02004,U0042,login,,2024-04-05 03:00:00
L02005,U0076,predict_disease,D003,2024-04-02 14:00:00
L02006,U0123,login,,2024-12-21 21:00:00
L02007,U0080,logout,,2024-07-24 04:00:00
L02008,U0157,download_report,,2024-02-04 12:00:00
L02009,U0021,view_medicine,M004,2024-03-31 08:00:00
L02010,U0096,search_disease,D002,2024-09-14 08:00:00
L02011,U0016,login,,2024-01-04 17:00:00
L02012,U0122,view_medicine,M004,2024-10-28 16:00:00
L02013,U0124,login,,2024-12-30 15:00:00
L02014,U0021,predict_disease,D004,2024-03-29 18:00:00
L02015,U0114,download_report,,2024-01-07 08:00:00
L02016,U0035,logout,,2024-07-28 08:00:00
L02017,U0109,predict_disease,D011,2024-02-08 04:00:00
L02018,U0043,search_disease,D015,2024-01-28 06:00:00
L02019,U0189,rate_medicine,M008,2024-09-02 10:00:00
L02020,U0111,view_profile,,2024-06-26 22:00:00
L02021,U0193,login,,2024-09-29 01:00:00
L02022,U0142,logout,,2024-06-28 20:00:00
L02023,U0068,predict_disease,D006,2024-09-20 05:00:00
L02024,U0032,rate_medicine,M005,2024-12-09 17:00:00
L02025,U0129,view_profile,,2024-06-15 08:00:00
L02026,U0193,download_report,,2024-05-17 01:00:00
L02027,U0110,view_medicine,M022,2024-05-10 09:00:00
L02028,U0074,download_report,,2024-11-29 14:00:00
L02029,U0190,download_report,,2024-03-15 06:00:00
L02030,U0036,search_disease,D002,2024-04-09 04:00:00
L02031,U0074,logout,,2024-10-02 19:00:00
L02032,U0175,logout,,2024-11-13 23:00:00
L02033,U0113,search_disease,D008,2024-07-22 06:00:00
L02034,U0171,view_profile,,2024-05-30 20:00:00
L02035,U0044,predict_disease,D008,2024-01-16 06:00:00
L02036,U0176,login,,2024-03-27 02:00:00
L02037,U0091,logout,,2024-12-31 00:00:00
L02038,U0018,view_medicine,M026,2024-11-06 12:00:00
L02039,U0011,view_profile,,2024-05-10 10:00:00
L02040,U0009,view_profile,,2024-07-16 19:00:00
L02041,U0084,view_profile,,2024-10-06 16:00:00
L02042,U0160,predict_disease,D005,2024-04-27 10:00:00
L02043,U0079,view_profile,,2024-01-07 01:00:00
L02044,U0018,search_disease,D009,2024-07-21 14:00:00
L02045,U0130,logout,,2024-05-26 16:00:00
L02046,U0109,search_disease,D014,2024-06-25 05:00:00
L02047,U0066,rate_medicine,M009,2024-12-09 11:00:00
L02048,U0110,rate_medicine,M009,2024-01-28 17:00:00
L02049,U0137,view_profile,,2024-07-04 22:00:00
L02050,U0155,search_disease,D008,2024-11-13 06:00:00
L02051,U0181,logout,,2024-10-09 03:00:00
L02052,U0176,view_medicine,M021,2024-11-29 23:00:00
L02053,U0062,download_report,,2024-11-25 19:00:00
L02054,U0138,search_disease,D003,2024-08-21 16:00:00
L02055,U0138,rate_medicine,M028,2024-07-16 19:00:00
L02056,U0151,login,,2024-09-27 16:00:00
L02057,U0196,predict_disease,D015,2024-12-19 19:00:00
L02058,U0081,view_medicine,M010,2024-09-03 18:00:00
L02059,U0123,predict_disease,D014,2024-02-23 08:00:00
L02060,U0175,logout,,2024-03-11 08:00:00
L02061,U0060,login,,2024-01-19 02:00:00
L02062,U0182,login,,2024-05-09 05:00:00
L02063,U0053,rate_medicine,M005,2024-10-12 20:00:00
L02064,U0152,view_profile,,2024-08-18 05:00:00
L02065,U0061,view_profile,,2024-10-17 03:00:00
L02066,U0166,predict_disease,D002,2024-12-03 17:00:00
L02067,U0008,logout,,2024-07-19 05:00:00
L02068,U0045,view_profile,,2024-09-21 16:00:00
L02069,U0148,view_medicine,M023,2024-10-12 06:00:00
L02070,U0032,predict_disease,D003,2024-01-23 03:00:00
L02071,U0059,view_medicine,M006,2024-03-30 00:00:00
L02072,U0178,view_medicine,M003,2024-09-24 12:00:00
L02073,U0112,logout,,2024-07-13 03:00:00
L02074,U0008,view_medicine,M030,2024-09-17 20:00:00
L02075,U0184,logout,,2024-07-16 03:00:00
L02076,U0022,view_medicine,M018,2024-05-31 06:00:00
L02077,U0099,download_report,,2024-02-17 09:00:00
L02078,U0186,view_medicine,M030,2024-04-30 17:00:00
L02079,U0082,rate_medicine,M030,2024-11-28 07:00:00
L02080,U0131,search_disease,D010,2024-01-25 15:00:00
L02081,U0193,rate_medicine,M014,2024-10-08 20:00:00
L02082,U0081,predict_disease,D004,2024-06-07 13:00:00
L02083,U0174,download_report,,2024-02-20 01:00:00
L02084,U0188,view_medicine,M007,2024-01-09 14:00:00
L02085,U0047,login,,2024-01-02 11:00:00
L02086,U0191,rate_medicine,M011,2024-10-28 12:00:00
L02087,U0020,logout,,2024-06-18 00:00:00
L02088,U0111,view_medicine,M014,2024-12-08 12:00:00
L02089,U0069,login,,2024-02-17 02:00:00
L02090,U0166,view_medicine,M029,2024-07-20 11:00:00
L02091,U0023,rate_medicine,M028,2024-12-28 02:00:00
L02092,U0073,view_profile,,2024-01-01 14:00:00
L02093,U0026,download_report,,2024-07-23 19:00:00
L02094,U0159,rate_medicine,M025,2024-08-28 01:00:00
L02095,U0198,view_medicine,M012,2024-10-14 06:00:00
L02096,U0108,login,,2024-10-07 06:00:00
L02097,U0037,rate_medicine,M018,2024-07-12 17:00:00
L02098,U0041,login,,2024-07-17 19:00:00
L02099,U0004,logout,,2024-09-27 07:00:00
L02100,U0143,login,,2024-10-11 16:00:00
L02101,U0136,search_disease,D008,2024-12-15 21:00:00
L02102,U0158,logout,,2024-02-07 11:00:00
L02103,U0152,view_medicine,M012,2024-08-07 05:00:00
L02104,U0117,download_report,,2024-02-09 18:00:00
L02105,U0097,logout,,2024-01-12 22:00:00
L02106,U0033,view_profile,,2024-01-12 02:00:00
L02107,U0180,predict_disease,D007,2024-07-02 14:00:00
L02108,U0004,predict_disease,D007,2024-06-03 02:00:00
L02109,U0147,view_medicine,M025,2024-07-07 04:00:00
L02110,U0119,search_disease,D013,2024-07-03 10:00:00
L02111,U0031,download_report,,2024-08-23 15:00:00
L02112,U0075,logout,,2024-12-27 02:00:00
L02113,U0076,predict_disease,D008,2024-07-16 19:00:00
L02114,U0020,predict_disease,D013,2024-02-19 17:00:00
L02115,U0024,predict_disease,D005,2024-11-07 22:00:00
L02116,U0036,login,,2024-08-11 08:00:00
L02117,U0037,predict_disease,D003,2024-11-04 15:00:00
L02118,U0132,download_report,,2024-10-27 02:00:00
L02119,U0014,logout,,2024-12-28 08:00:00
L02120,U0069,download_report,,2024-03-08 03:00:00
L02121,U0175,download_report,,2024-05-30 11:00:00
L02122,U0012,logout,,2024-06-12 13:00:00
L02123,U0148,predict_disease,D001,2024-03-13 04:00:00
L02124,U0128,download_report,,2024-01-01 22:00:00
L02125,U0013,view_medicine,M024,2024-02-02 20:00:00
L02126,U0057,login,,2024-12-26 10:00:00
L02127,U0071,login,,2024-01-28 14:00:00
L02128,U0035,predict_disease,D004,2024-05-22 15:00:00
L02129,U0042,predict_disease,D009,2024-10-13 19:00:00
L02130,U0185,download_report,,2024-05-23 00:00:00
L02131,U0125,view_medicine,M003,2024-09-23 20:00:00
L02132,U0177,predict_disease,D003,2024-05-14 22:00:00
L02133,U0062,logout,,2024-02-16 04:00:00
L02134,U0019,login,,2024-07-18 17:00:00
L02135,U0002,download_report,,2024-09-03 02:00:00
L02136,U0090,view_medicine,M026,2024-10-14 20:00:00
L02137,U0030,view_medicine,M003,2024-10-21 11:00:00
L02138,U0046,view_medicine,M020,2024-08-25 03:00:00
L02139,U0048,search_disease,D006,2024-08-06 02:00:00
L02140,U0093,view_medicine,M024,2024-04-26 14:00:00
L02141,U0146,view_medicine,M027,2024-03-10 06:00:00
L02142,U0119,view_medicine,M002,2024-02-06 13:00:00
L02143,U0175,download_report,,2024-01-08 00:00:00
L02144,U0066,logout,,2024-12-24 20:00:00
L02145,U0130,search_disease,D015,2024-10-20 09:00:00
L02146,U0179,download_report,,2024-05-30 07:00:00
L02147,U0146,predict_disease,D013,2024-09-24 14:00:00
L02148,U0152,login,,2024-10-11 18:00:00
L02149,U0106,view_profile,,2024-06-25 04:00:00
L02150,U0121,rate_medicine,M009,2024-02-29 13:00:00
L02151,U0185,search_disease,D010,2024-09-20 04:00:00
L02152,U0052,logout,,2024-06-08 17:00:00
L02153,U0198,search_disease,D004,2024-02-06 01:00:00
L02154,U0012,rate_medicine,M011,2024-03-19 11:00:00
L02155,U0057,login,,2024-12-16 05:00:00
L02156,U0076,search_disease,D008,2024-04-19 23:00:00
L02157,U0113,download_report,,2024-05-11 16:00:00
L02158,U0087,view_profile,,2024-03-18 13:00:00
L02159,U0070,view_medicine,M013,2024-10-06 13:00:00
L02160,U0110,view_medicine,M024,2024-08-17 06:00:00
L02161,U0184,view_profile,,2024-05-08 09:00:00
L02162,U0141,view_profile,,2024-06-04 05:00:00
L02163,U0059,download_report,,2024-07-14 20:00:00
L02164,U0036,rate_medicine,M013,2024-10-03 01:00:00
L02165,U0086,download_report,,2024-01-28 14:00:00
L02166,U0071,logout,,2024-12-26 01:00:00
L02167,U0093,login,,2024-08-17 19:00:00
L02168,U0091,download_report,,2024-02-10 11:00:00
L02169,U0041,login,,2024-04-15 18:00:00
L02170,U0003,predict_disease,D012,2024-10-31 01:00:00
L02171,U0197,download_report,,2024-06-15 03:00:00
L02172,U0162,view_medicine,M016,2024-12-24 09:00:00
L02173,U0154,view_medicine,M022,2024-02-22 07:00:00
L02174,U0026,search_disease,D002,2024-08-24 16:00:00
L02175,U0025,login,,2024-11-03 21:00:00
L02176,U0085,view_medicine,M005,2024-05-31 22:00:00
L02177,U0175,logout,,2024-07-18 01:00:00
L02178,U0163,predict_disease,D003,2024-01-13 12:00:00
L02179,U0060,download_report,,2024-06-10 08:00:00
L02180,U0046,search_disease,D011,2024-01-01 02:00:00
L02181,U0113,predict_disease,D003,2024-06-09 18:00:00
L02182,U0016,download_report,,2024-01-06 05:00:00
L02183,U0195,login,,2024-12-24 01:00:00
L02184,U0029,search_disease,D006,2024-06-21 06:00:00
L02185,U0089,predict_disease,D015,2024-12-01 21:00:00
L02186,U0163,rate_medicine,M015,2024-11-12 10:00:00
L02187,U0073,view_medicine,M015,2024-01-23 15:00:00
L02188,U0114,search_disease,D013,2024-12-26 06:00:00
L02189,U0153,predict_disease,D008,2024-10-08 01:00:00
L02190,U0182,download_report,,2024-10-29 21:00:00
L02191,U0165,download_report,,2024-01-15 07:00:00
L02192,U0003,search_disease,D001,2024-07-20 09:00:00
L02193,U0078,view_profile,,2024-01-07 06:00:00
L02194,U0072,search_disease,D001,2024-06-27 04:00:00
L02195,U0055,view_medicine,M029,2024-08-07 01:00:00
L02196,U0019,rate_medicine,M003,2024-10-04 09:00:00
L02197,U0168,search_disease,D004,2024-06-21 19:00:00
L02198,U0092,predict_disease,D009,2024-06-26 07:00:00
L02199,U0176,download_report,,2024-10-17 10:00:00
L02200,U0093,predict_disease,D001,2024-07-17 02:00:00
L02201,U0105,view_medicine,M002,2024-09-06 18:00:00
L02202,U0005,view_medicine,M021,2024-07-22 18:00:00
L02203,U0141,login,,2024-01-31 02:00:00
L02204,U0184,login,,2024-08-12 15:00:00
L02205,U0200,rate_medicine,M002,2024-12-22 07:00:00
L02206,U0129,logout,,2024-05-16 22:00:00
L02207,U0056,predict_disease,D012,2024-12-05 06:00:00
L02208,U0149,rate_medicine,M010,2024-12-23 11:00:00
L02209,U0006,view_profile,,2024-01-02 12:00:00
L02210,U0118,logout,,2024-07-12 05:00:00
L02211,U0084,download_report,,2024-01-05 06:00:00
L02212,U0090,predict_disease,D011,2024-01-06 02:00:00
L02213,U0055,logout,,2024-07-13 10:00:00
L02214,U0101,rate_medicine,M005,2024-04-04 09:00:00
L02215,U0138,search_disease,D008,2024-05-10 05:00:00
L02216,U0048,view_medicine,M021,2024-12-04 18:00:00
L02217,U0057,predict_disease,D004,2024-06-06 10:00:00
L02218,U0004,search_disease,D002,2024-01-17 18:00:00
L02219,U0108,view_medicine,M021,2024-12-12 01:00:00
L02220,U0063,download_report,,2024-01-03 20:00:00
L02221,U0131,login,,2024-05-09 07:00:00
L02222,U0030,view_medicine,M005,2024-02-15 12:00:00
L02223,U0114,login,,2024-04-22 04:00:00
L02224,U0174,view_medicine,M010,2024-06-20 14:00:00
L02225,U0194,download_report,,2024-10-15 17:00:00
L02226,U0083,logout,,2024-10-16 05:00:00
L02227,U0152,search_disease,D003,2024-10-30 13:00:00
L02228,U0102,rate_medicine,M006,2024-01-24 07:00:00
L02229,U0108,view_profile,,2024-12-09 05:00:00
L02230,U0178,view_medicine,M029,2024-03-13 14:00:00
L02231,U0091,download_report,,2024-09-23 05:00:00
L02232,U0119,search_disease,D005,2024-08-25 00:00:00
L02233,U0114,predict_disease,D001,2024-02-28 02:00:00
L02234,U0042,download_report,,2024-04-25 22:00:00
L02235,U0049,view_medicine,M006,2024-08-08 22:00:00
L02236,U0166,predict_disease,D002,2024-11-07 23:00:00
L02237,U0091,predict_disease,D002,2024-09-25 03:00:00
L02238,U0186,logout,,2024-01-03 21:00:00
L02239,U0145,download_report,,2024-02-18 13:00:00
L02240,U0029,search_disease,D013,2024-09-14 13:00:00
L02241,U0138,view_profile,,2024-07-09 10:00:00
L02242,U0151,search_disease,D012,2024-06-09 18:00:00
L02243,U0177,logout,,2024-08-28 05:00:00
L02244,U0143,search_disease,D007,2024-09-21 01:00:00
L02245,U0198,view_medicine,M025,2024-06-22 07:00:00
L02246,U0137,logout,,2024-12-24 19:00:00
L02247,U0018,view_profile,,2024-10-07 12:00:00
L02248,U0149,predict_disease,D009,2024-09-02 05:00:00
L02249,U0080,rate_medicine,M011,2024-01-28 21:00:00
L02250,U0036,search_disease,D009,2024-03-27 23:00:00
L02251,U0042,logout,,2024-01-01 01:00:00
L02252,U0055,predict_disease,D009,2024-11-10 09:00:00
L02253,U0059,predict_disease,D011,2024-03-10 21:00:00
L02254,U0065,predict_disease,D001,2024-02-15 08:00:00
L02255,U0072,rate_medicine,M016,2024-12-01 06:00:00
L02256,U0192,predict_disease,D015,2024-09-25 23:00:00
L02257,U0108,search_disease,D002,2024-07-03 18:00:00
L02258,U0180,view_profile,,2024-01-06 21:00:00
L02259,U0161,predict_disease,D012,2024-01-07 04:00:00
L02260,U0054,view_medicine,M021,2024-01-26 08:00:00
L02261,U0034,predict_disease,D004,2024-03-07 22:00:00
L02262,U0128,logout,,2024-07-02 04:00:00
L02263,U0096,search_disease,D004,2024-04-09 01:00:00
L02264,U0024,predict_disease,D009,2024-08-01 10:00:00
L02265,U0065,view_medicine,M014,2024-07-21 06:00:00
L02266,U0015,view_medicine,M022,2024-06-25 22:00:00
L02267,U0113,view_profile,,2024-08-21 14:00:00
L02268,U0102,download_report,,2024-10-26 03:00:00
L02269,U0034,view_profile,,2024-02-06 21:00:00
L02270,U0042,view_medicine,M021,2024-11-02 02:00:00
L02271,U0175,login,,2024-12-17 23:00:00
L02272,U0077,search_disease,D008,2024-07-12 19:00:00
L02273,U0041,view_medicine,M028,2024-10-25 23:00:00
L02274,U0031,view_profile,,2024-01-15 08:00:00
L02275,U0190,view_profile,,2024-10-04 08:00:00
L02276,U0100,search_disease,D010,2024-07-19 05:00:00
L02277,U0021,predict_disease,D010,2024-04-13 03:00:00
L02278,U0125,login,,2024-01-08 16:00:00
L02279,U0104,view_medicine,M012,2024-10-12 11:00:00
L02280,U0101,login,,2024-08-23 01:00:00
L02281,U0060,login,,2024-12-24 12:00:00
L02282,U0147,predict_disease,D002,2024-09-19 12:00:00
L02283,U0093,download_report,,2024-01-31 09:00:00
L02284,U0196,rate_medicine,M025,2024-05-10 09:00:00
L02285,U0111,view_medicine,M015,2024-07-19 06:00:00
L02286,U0198,rate_medicine,M020,2024-04-06 22:00:00
L02287,U0146,view_profile,,2024-08-01 11:00:00
L02288,U0166,view_medicine,M010,2024-11-05 12:00:00
L02289,U0049,predict_disease,D008,2024-03-07 05:00:00
L02290,U0035,login,,2024-08-10 03:00:00
L02291,U0038,search_disease,D005,2024-05-10 06:00:00
L02292,U0171,login,,2024-03-11 23:00:00
L02293,U0168,download_report,,2024-10-11 22:00:00
L02294,U0069,download_report,,2024-12-10 04:00:00
L02295,U0132,search_disease,D011,2024-09-19 20:00:00
L02296,U0189,view_medicine,M018,2024-09-09 19:00:00
L02297,U0160,search_disease,D012,2024-07-27 04:00:00
L02298,U0186,view_profile,,2024-06-08 22:00:00
L02299,U0154,search_disease,D011,2024-10-19 21:00:00
L02300,U0068,login,,2024-04-22 06:00:00
L02301,U0062,download_report,,2024-03-09 23:00:00
L02302,U0048,rate_medicine,M015,2024-07-06 21:00:00
L02303,U0137,view_medicine,M012,2024-04-30 07:00:00
L02304,U0067,view_profile,,2024-04-13 01:00:00
L02305,U0020,view_profile,,2024-02-10 22:00:00
L02306,U0172,download_report,,2024-09-27 15:00:00
L02307,U0008,login,,2024-07-10 23:00:00
L02308,U0120,rate_medicine,M012,2024-07-18 22:00:00
L02309,U0085,rate_medicine,M016,2024-08-20 12:00:00
L02310,U0198,rate_medicine,M024,2024-11-21 10:00:00
L02311,U0093,view_profile,,2024-05-02 13:00:00
L02312,U0145,download_report,,2024-08-29 08:00:00
L02313,U0099,login,,2024-10-31 16:00:00
L02314,U0017,login,,2024-08-08 06:00:00
L02315,U0021,rate_medicine,M005,2024-03-31 10:00:00
L02316,U0006,rate_medicine,M012,2024-10-01 22:00:00
L02317,U0086,view_medicine,M019,2024-11-12 09:00:00
L02318,U0088,search_disease,D014,2024-04-04 12:00:00
L02319,U0096,predict_disease,D006,2024-10-21 12:00:00
L02320,U0078,login,,2024-08-16 05:00:00
L02321,U0062,search_disease,D014,2024-01-07 14:00:00
L02322,U0062,rate_medicine,M005,2024-07-07 22:00:00
L02323,U0047,search_disease,D005,2024-07-16 03:00:00
L02324,U0171,rate_medicine,M002,2024-05-15 20:00:00
L02325,U0064,view_profile,,2024-03-21 13:00:00
L02326,U0199,search_disease,D005,2024-06-11 09:00:00
L02327,U0184,view_profile,,2024-01-29 14:00:00
L02328,U0057,login,,2024-12-02 14:00:00
L02329,U0027,view_profile,,2024-12-14 00:00:00
L02330,U0166,view_medicine,M018,2024-12-17 23:00:00
L02331,U0136,search_disease,D008,2024-07-01 05:00:00
L02332,U0031,predict_disease,D015,2024-02-10 11:00:00
L02333,U0024,logout,,2024-10-12 08:00:00
L02334,U0041,download_report,,2024-04-17 11:00:00
L02335,U0046,rate_medicine,M024,2024-08-09 16:00:00
L02336,U0067,logout,,2024-05-16 21:00:00
L02337,U0013,logout,,2024-02-27 15:00:00
L02338,U0165,view_profile,,2024-03-24 20:00:00
L02339,U0136,view_medicine,M023,2024-07-29 10:00:00
L02340,U0114,predict_disease,D004,2024-08-24 14:00:00
L02341,U0111,predict_disease,D010,2024-07-23 21:00:00
L02342,U0105,download_report,,2024-04-06 06:00:00
L02343,U0001,logout,,2024-02-27 08:00:00
L02344,U0012,view_medicine,M021,2024-11-18 22:00:00
L02345,U0040,download_report,,2024-08-12 17:00:00
L02346,U0095,search_disease,D001,2024-06-15 20:00:00
L02347,U0007,view_medicine,M002,2024-03-18 15:00:00
L02348,U0033,predict_disease,D012,2024-02-03 09:00:00
L02349,U0119,predict_disease,D006,2024-12-05 06:00:00
L02350,U0007,search_disease,D007,2024-11-05 09:00:00
L02351,U0147,view_profile,,2024-12-20 03:00:00
L02352,U0196,view_profile,,2024-07-22 16:00:00
L02353,U0043,search_disease,D008,2024-01-18 06:00:00
L02354,U0097,search_disease,D004,2024-11-14 11:00:00
L02355,U0182,download_report,,2024-03-19 16:00:00
L02356,U0046,login,,2024-01-14 19:00:00
L02357,U0186,predict_disease,D010,2024-11-19 15:00:00
L02358,U0089,view_profile,,2024-03-06 23:00:00
L02359,U0158,download_report,,2024-06-29 21:00:00
L02360,U0061,view_profile,,2024-03-16 05:00:00
L02361,U0178,predict_disease,D011,2024-08-14 07:00:00
L02362,U0134,view_profile,,2024-11-04 19:00:00
L02363,U0074,predict_disease,D001,2024-07-05 15:00:00
L02364,U0091,view_profile,,2024-04-25 04:00:00
L02365,U0109,view_profile,,2024-08-06 02:00:00
L02366,U0009,download_report,,2024-08-28 12:00:00
L02367,U0013,search_disease,D015,2024-10-09 14:00:00
L02368,U0048,view_medicine,M017,2024-07-18 19:00:00
L02369,U0031,logout,,2024-09-15 05:00:00
L02370,U0098,view_profile,,2024-01-20 03:00:00
L02371,U0032,view_medicine,M016,2024-03-20 12:00:00
L02372,U0166,search_disease,D006,2024-10-10 07:00:00
L02373,U0023,predict_disease,D012,2024-09-09 21:00:00
L02374,U0182,login,,2024-05-14 17:00:00
L02375,U0104,rate_medicine,M025,2024-09-01 06:00:00
L02376,U0114,download_report,,2024-05-14 04:00:00
L02377,U0056,predict_disease,D004,2024-12-19 04:00:00
L02378,U0183,predict_disease,D003,2024-09-17 00:00:00
L02379,U0156,search_disease,D013,2024-05-29 08:00:00
L02380,U0144,predict_disease,D006,2024-12-09 23:00:00
L02381,U0171,predict_disease,D012,2024-12-16 20:00:00
L02382,U0188,predict_disease,D003,2024-06-30 12:00:00
L02383,U0047,view_medicine,M013,2024-11-12 10:00:00
L02384,U0096,view_profile,,2024-12-01 01:00:00
L02385,U0063,login,,2024-11-21 23:00:00
L02386,U0063,logout,,2024-02-04 20:00:00
L02387,U0015,search_disease,D009,2024-05-19 12:00:00
L02388,U0071,logout,,2024-02-23 07:00:00
L02389,U0172,view_medicine,M016,2024-06-10 07:00:00
L02390,U0032,rate_medicine,M025,2024-11-30 17:00:00
L02391,U0039,download_report,,2024-01-07 21:00:00
L02392,U0199,search_disease,D004,2024-07-16 05:00:00
L02393,U0170,login,,2024-01-30 16:00:00
L02394,U0103,rate_medicine,M022,2024-04-27 18:00:00
L02395,U0169,logout,,2024-07-06 12:00:00
L02396,U0188,search_disease,D006,2024-05-21 15:00:00
L02397,U0082,view_medicine,M012,2024-05-08 18:00:00
L02398,U0045,search_disease,D013,2024-11-16 21:00:00
L02399,U0023,search_disease,D006,2024-08-07 23:00:00
L02400,U0020,rate_medicine,M003,2024-10-16 21:00:00
L02401,U0085,download_report,,2024-08-07 08:00:00
L02402,U0172,view_medicine,M019,2024-02-16 18:00:00
L02403,U0152,login,,2024-04-18 18:00:00
L02404,U0116,download_report,,2024-10-07 15:00:00
L02405,U0048,download_report,,2024-01-31 15:00:00
L02406,U0036,view_medicine,M026,2024-01-10 08:00:00
L02407,U0041,predict_disease,D007,2024-12-07 00:00:00
L02408,U0167,search_disease,D010,2024-09-11 03:00:00
L02409,U0170,predict_disease,D012,2024-02-15 04:00:00
L02410,U0052,rate_medicine,M003,2024-10-19 07:00:00
L02411,U0159,login,,2024-07-25 14:00:00
L02412,U0104,logout,,2024-01-19 18:00:00
L02413,U0056,logout,,2024-02-07 05:00:00
L02414,U0126,login,,2024-09-04 07:00:00
L02415,U0155,search_disease,D013,2024-04-04 04:00:00
L02416,U0167,logout,,2024-07-18 21:00:00
L02417,U0087,view_medicine,M015,2024-12-22 18:00:00
L02418,U0167,logout,,2024-10-05 13:00:00
L02419,U0061,download_report,,2024-11-22 06:00:00
L02420,U0030,rate_medicine,M007,2024-11-04 02:00:00
L02421,U0085,login,,2024-06-07 06:00:00
L02422,U0173,view_medicine,M017,2024-10-23 20:00:00
L02423,U0047,download_report,,2024-04-29 03:00:00
L02424,U0041,predict_disease,D001,2024-03-02 18:00:00
L02425,U0007,search_disease,D006,2024-06-27 15:00:00
L02426,U0070,login,,2024-05-24 18:00:00
L02427,U0073,logout,,2024-09-02 00:00:00
L02428,U0036,view_medicine,M001,2024-08-03 17:00:00
L02429,U0102,logout,,2024-06-05 09:00:00
L02430,U0128,login,,2024-07-24 09:00:00
L02431,U0152,logout,,2024-08-18 09:00:00
L02432,U0052,search_disease,D007,2024-07-16 11:00:00
L02433,U0177,login,,2024-01-18 08:00:00
L02434,U0009,download_report,,2024-01-12 13:00:00
L02435,U0091,view_profile,,2024-06-10 22:00:00
L02436,U0121,view_profile,,2024-04-11 01:00:00
L02437,U0070,login,,2024-10-16 13:00:00
L02438,U0113,predict_disease,D008,2024-02-10 03:00:00
L02439,U0036,download_report,,2024-10-18 22:00:00
L02440,U0058,login,,2024-06-13 06:00:00
L02441,U0095,view_medicine,M023,2024-10-30 14:00:00
L02442,U0095,view_medicine,M006,2024-06-28 03:00:00
L02443,U0042,predict_disease,D009,2024-08-24 13:00:00
L02444,U0110,view_profile,,2024-06-02 07:00:00
L02445,U0081,search_disease,D014,2024-11-10 09:00:00
L02446,U0157,download_report,,2024-07-20 11:00:00
L02447,U0169,rate_medicine,M014,2024-08-10 07:00:00
L02448,U0193,rate_medicine,M011,2024-05-14 09:00:00
L02449,U0079,view_profile,,2024-12-29 08:00:00
L02450,U0079,search_disease,D013,2024-11-09 03:00:00
L02451,U0146,login,,2024-11-04 18:00:00
L02452,U0193,view_profile,,2024-11-07 07:00:00
L02453,U0149,rate_medicine,M009,2024-08-18 09:00:00
L02454,U0148,view_profile,,2024-05-18 13:00:00
L02455,U0135,rate_medicine,M001,2024-12-12 21:00:00
L02456,U0058,predict_disease,D003,2024-01-25 18:00:00
L02457,U0129,download_report,,2024-08-03 04:00:00
L02458,U0186,logout,,2024-04-21 18:00:00
L02459,U0064,rate_medicine,M004,2024-03-21 03:00:00
L02460,U0195,view_medicine,M029,2024-10-19 14:00:00
L02461,U0177,predict_disease,D001,2024-03-29 03:00:00
L02462,U0195,logout,,2024-01-23 15:00:00
L02463,U0078,download_report,,2024-09-22 11:00:00
L02464,U0074,view_profile,,2024-11-18 22:00:00
L02465,U0095,login,,2024-06-21 15:00:00
L02466,U0200,predict_disease,D014,2024-03-05 01:00:00
L02467,U0003,view_profile,,2024-01-22 09:00:00
L02468,U0111,rate_medicine,M019,2024-06-04 12:00:00
L02469,U0186,search_disease,D003,2024-11-08 07:00:00
L02470,U0008,view_medicine,M027,2024-03-13 23:00:00
L02471,U0028,download_report,,2024-03-10 03:00:00
L02472,U0188,view_profile,,2024-08-24 10:00:00
L02473,U0092,login,,2024-09-27 22:00:00
L02474,U0049,login,,2024-06-18 18:00:00
L02475,U0161,download_report,,2024-12-12 15:00:00
L02476,U0111,view_medicine,M018,2024-02-10 18:00:00
L02477,U0018,view_profile,,2024-05-13 22:00:00
L02478,U0142,download_report,,2024-06-01 06:00:00
L02479,U0084,rate_medicine,M023,2024-07-22 12:00:00
L02480,U0022,view_profile,,2024-02-07 07:00:00
L02481,U0013,download_report,,2024-04-14 09:00:00
L02482,U0105,predict_disease,D004,2024-03-21 21:00:00
L02483,U0064,predict_disease,D001,2024-04-09 09:00:00
L02484,U0075,logout,,2024-04-03 08:00:00
L02485,U0054,login,,2024-12-01 03:00:00
L02486,U0060,view_medicine,M010,2024-12-05 14:00:00
L02487,U0130,login,,2024-12-20 21:00:00
L02488,U0139,login,,2024-01-15 01:00:00
L02489,U0182,download_report,,2024-12-28 04:00:00
L02490,U0193,rate_medicine,M013,2024-10-25 01:00:00
L02491,U0168,predict_disease,D015,2024-02-15 20:00:00
L02492,U0113,logout,,2024-05-26 02:00:00
L02493,U0068,logout,,2024-04-06 01:00:00
L02494,U0082,rate_medicine,M007,2024-01-30 04:00:00
L02495,U0138,view_profile,,2024-07-06 01:00:00
L02496,U0144,predict_disease,D003,2024-11-08 08:00:00
L02497,U0101,login,,2024-06-22 05:00:00
L02498,U0193,logout,,2024-06-21 23:00:00
L02499,U0052,predict_disease,D004,2024-03-09 16:00:00
L02500,U0060,predict_disease,D010,2024-01-05 04:00:00
L02501,U0085,view_medicine,M005,2024-07-24 18:00:00
L02502,U0053,search_disease,D004,2024-01-06 07:00:00
L02503,U0051,view_medicine,M008,2024-05-09 13:00:00
L02504,U0113,logout,,2024-02-04 23:00:00
L02505,U0110,search_disease,D011,2024-08-21 11:00:00
L02506,U0110,view_medicine,M015,2024-03-13 15:00:00
L02507,U0193,download_report,,2024-06-10 07:00:00
L02508,U0072,view_medicine,M006,2024-11-24 11:00:00
L02509,U0015,view_profile,,2024-02-10 05:00:00
L02510,U0189,view_profile,,2024-10-24 17:00:00
L02511,U0125,rate_medicine,M027,2024-03-28 07:00:00
L02512,U0070,view_medicine,M007,2024-03-08 01:00:00
L02513,U0076,predict_disease,D009,2024-08-22 02:00:00
L02514,U0117,view_medicine,M003,2024-03-24 05:00:00
L02515,U0014,predict_disease,D005,2024-07-10 01:00:00
L02516,U0185,logout,,2024-07-30 08:00:00
L02517,U0187,logout,,2024-02-22 15:00:00
L02518,U0083,logout,,2024-05-13 13:00:00
L02519,U0154,search_disease,D010,2024-04-03 08:00:00
L02520,U0093,view_medicine,M013,2024-11-23 17:00:00
L02521,U0138,view_profile,,2024-08-13 04:00:00
L02522,U0162,logout,,2024-03-16 10:00:00
L02523,U0040,search_disease,D003,2024-06-11 19:00:00
L02524,U0150,view_medicine,M026,2024-12-18 10:00:00
L02525,U0101,login,,2024-09-30 09:00:00
L02526,U0130,rate_medicine,M030,2024-03-16 07:00:00
L02527,U0064,logout,,2024-11-17 06:00:00
L02528,U0147,logout,,2024-02-09 05:00:00
L02529,U0022,search_disease,D003,2024-02-14 01:00:00
L02530,U0118,search_disease,D009,2024-09-19 01:00:00
L02531,U0179,view_profile,,2024-06-26 22:00:00
L02532,U0191,login,,2024-11-10 01:00:00
L02533,U0013,search_disease,D008,2024-09-05 09:00:00
L02534,U0162,view_medicine,M026,2024-04-25 19:00:00
L02535,U0027,predict_disease,D006,2024-10-27 19:00:00
L02536,U0091,rate_medicine,M023,2024-04-01 19:00:00
L02537,U0189,download_report,,2024-02-26 15:00:00
L02538,U0045,search_disease,D003,2024-03-13 15:00:00
L02539,U0192,login,,2024-05-10 07:00:00
L02540,U0143,view_profile,,2024-08-20 05:00:00
L02541,U0093,predict_disease,D001,2024-05-28 04:00:00
L02542,U0097,predict_disease,D002,2024-03-31 12:00:00
L02543,U0176,download_report,,2024-05-13 18:00:00
L02544,U0050,login,,2024-04-09 23:00:00
L02545,U0139,view_medicine,M023,2024-04-10 06:00:00
L02546,U0078,rate_medicine,M010,2024-08-14 00:00:00
L02547,U0133,rate_medicine,M017,2024-09-12 16:00:00
L02548,U0004,download_report,,2024-05-18 14:00:00
L02549,U0043,view_medicine,M026,2024-01-06 11:00:00
L02550,U0197,login,,2024-09-16 21:00:00
L02551,U0019,download_report,,2024-11-09 10:00:00
L02552,U0175,view_profile,,2024-08-17 15:00:00
L02553,U0180,rate_medicine,M020,2024-04-03 12:00:00
L02554,U0163,login,,2024-12-02 06:00:00
L02555,U0154,predict_disease,D015,2024-06-11 13:00:00
L02556,U0069,view_profile,,2024-04-04 14:00:00
L02557,U0122,logout,,2024-06-12 05:00:00
L02558,U0092,predict_disease,D015,2024-10-17 04:00:00
L02559,U0021,view_medicine,M014,2024-07-23 11:00:00
L02560,U0155,search_disease,D003,2024-03-09 00:00:00
L02561,U0147,download_report,,2024-03-21 04:00:00
L02562,U0019,rate_medicine,M004,2024-06-14 13:00:00
L02563,U0011,view_profile,,2024-03-18 18:00:00
L02564,U0081,download_report,,2024-12-06 22:00:00
L02565,U0060,login,,2024-08-11 07:00:00
L02566,U0172,logout,,2024-03-19 20:00:00
L02567,U0045,login,,2024-11-14 23:00:00
L02568,U0196,rate_medicine,M022,2024-04-02 01:00:00
L02569,U0097,login,,2024-02-08 10:00:00
L02570,U0132,rate_medicine,M020,2024-01-14 20:00:00
L02571,U0025,download_report,,2024-04-09 06:00:00
L02572,U0168,search_disease,D004,2024-10-02 01:00:00
L02573,U0147,view_medicine,M009,2024-09-30 07:00:00
L02574,U0165,predict_disease,D002,2024-02-12 05:00:00
L02575,U0045,predict_disease,D002,2024-02-09 11:00:00
L02576,U0170,rate_medicine,M017,2024-02-27 22:00:00
L02577,U0138,download_report,,2024-03-19 13:00:00
L02578,U0138,login,,2024-09-12 12:00:00
L02579,U0003,rate_medicine,M029,2024-02-23 18:00:00
L02580,U0084,search_disease,D009,2024-05-14 17:00:00
L02581,U0080,view_medicine,M013,2024-06-05 04:00:00
L02582,U0100,view_medicine,M002,2024-03-31 18:00:00
L02583,U0114,logout,,2024-11-22 16:00:00
L02584,U0063,logout,,2024-06-09 16:00:00
L02585,U0199,download_report,,2024-07-17 20:00:00
L02586,U0073,login,,2024-07-23 23:00:00
L02587,U0191,rate_medicine,M025,2024-03-01 19:00:00
L02588,U0186,login,,2024-03-07 06:00:00
L02589,U0047,rate_medicine,M022,2024-02-27 19:00:00
L02590,U0112,predict_disease,D012,2024-03-15 05:00:00
L02591,U0047,search_disease,D004,2024-01-09 09:00:00
L02592,U0073,search_disease,D001,2024-03-24 19:00:00
L02593,U0056,rate_medicine,M018,2024-02-27 09:00:00
L02594,U0131,logout,,2024-10-17 22:00:00
L02595,U0121,search_disease,D002,2024-11-10 14:00:00
L02596,U0195,predict_disease,D014,2024-07-27 18:00:00
L02597,U0177,rate_medicine,M019,2024-09-26 03:00:00
L02598,U0179,predict_disease,D009,2024-04-11 03:00:00
L02599,U0057,view_medicine,M002,2024-08-09 13:00:00
L02600,U0006,login,,2024-12-18 23:00:00
L02601,U0001,predict_disease,D012,2024-02-01 00:00:00
L02602,U0051,download_report,,2024-03-23 17:00:00
L02603,U0050,download_report,,2024-10-05 12:00:00
L02604,U0025,view_profile,,2024-01-02 10:00:00
L02605,U0046,view_medicine,M011,2024-05-18 07:00:00
L02606,U0141,view_profile,,2024-12-29 00:00:00
L02607,U0142,download_report,,2024-12-18 05:00:00
L02608,U0158,login,,2024-03-28 21:00:00
L02609,U0116,view_medicine,M002,2024-07-22 17:00:00
L02610,U0042,login,,2024-08-22 13:00:00
L02611,U0059,view_profile,,2024-03-31 17:00:00
L02612,U0129,view_profile,,2024-11-08 12:00:00
L02613,U0055,view_profile,,2024-09-04 13:00:00
L02614,U0087,search_disease,D009,2024-11-21 03:00:00
L02615,U0046,login,,2024-07-22 14:00:00
L02616,U0112,search_disease,D004,2024-10-09 09:00:00
L02617,U0020,search_disease,D001,2024-04-07 04:00:00
L02618,U0058,predict_disease,D004,2024-11-07 04:00:00
L02619,U0139,search_disease,D011,2024-09-17 23:00:00
L02620,U0090,view_profile,,2024-04-05 14:00:00
L02621,U0123,search_disease,D009,2024-06-15 22:00:00
L02622,U0124,view_medicine,M013,2024-09-09 12:00:00
L02623,U0012,search_disease,D011,2024-08-04 20:00:00
L02624,U0149,download_report,,2024-03-26 00:00:00
L02625,U0168,search_disease,D014,2024-05-16 07:00:00
L02626,U0033,search_disease,D010,2024-08-27 19:00:00
L02627,U0105,logout,,2024-02-29 14:00:00
L02628,U0152,search_disease,D006,2024-08-02 18:00:00
L02629,U0139,view_profile,,2024-12-20 09:00:00
L02630,U0170,download_report,,2024-09-11 05:00:00
L02631,U0188,view_medicine,M023,2024-03-18 22:00:00
L02632,U0097,login,,2024-07-07 22:00:00
L02633,U0137,login,,2024-07-15 05:00:00
L02634,U0148,download_report,,2024-02-18 04:00:00
L02635,U0115,download_report,,2024-04-14 09:00:00
L02636,U0084,predict_disease,D006,2024-04-24 19:00:00
L02637,U0112,rate_medicine,M022,2024-11-17 20:00:00
L02638,U0114,view_medicine,M025,2024-06-01 04:00:00
L02639,U0069,view_medicine,M015,2024-11-17 15:00:00
L02640,U0159,predict_disease,D013,2024-07-29 13:00:00
L02641,U0196,rate_medicine,M003,2024-08-12 18:00:00
L02642,U0125,login,,2024-01-12 17:00:00
L02643,U0153,view_medicine,M018,2024-08-22 09:00:00
L02644,U0066,logout,,2024-10-13 11:00:00
L02645,U0071,rate_medicine,M013,2024-02-08 16:00:00
L02646,U0156,view_profile,,2024-09-15 09:00:00
L02647,U0119,search_disease,D007,2024-05-04 09:00:00
L02648,U0133,logout,,2024-11-18 10:00:00
L02649,U0103,view_profile,,2024-10-24 17:00:00
L02650,U0075,search_disease,D007,2024-10-26 17:00:00
L02651,U0075,view_medicine,M009,2024-06-10 00:00:00
L02652,U0164,predict_disease,D011,2024-09-20 12:00:00
L02653,U0044,view_medicine,M011,2024-03-01 01:00:00
L02654,U0036,predict_disease,D007,2024-08-22 01:00:00
L02655,U0103,login,,2024-05-28 17:00:00
L02656,U0140,view_medicine,M001,2024-04-01 08:00:00
L02657,U0134,rate_medicine,M012,2024-02-23 07:00:00
L02658,U0139,view_medicine,M018,2024-10-20 17:00:00
L02659,U0171,view_profile,,2024-01-22 10:00:00
L02660,U0079,logout,,2024-12-07 17:00:00
L02661,U0159,view_profile,,2024-10-31 23:00:00
L02662,U0068,logout,,2024-02-24 17:00:00
L02663,U0107,download_report,,2024-05-01 00:00:00
L02664,U0115,predict_disease,D015,2024-07-08 00:00:00
L02665,U0055,view_medicine,M001,2024-01-24 21:00:00
L02666,U0185,download_report,,2024-07-18 21:00:00
L02667,U0027,login,,2024-10-30 19:00:00
L02668,U0166,download_report,,2024-04-14 00:00:00
L02669,U0100,download_report,,2024-05-29 03:00:00
L02670,U0145,rate_medicine,M025,2024-04-08 14:00:00
L02671,U0115,rate_medicine,M014,2024-10-18 01:00:00
L02672,U0185,logout,,2024-01-10 20:00:00
L02673,U0121,search_disease,D009,2024-03-23 13:00:00
L02674,U0029,view_medicine,M001,2024-11-19 06:00:00
L02675,U0096,login,,2024-12-18 03:00:00
L02676,U0070,view_medicine,M008,2024-05-31 09:00:00
L02677,U0154,rate_medicine,M005,2024-10-31 01:00:00
L02678,U0124,login,,2024-05-20 21:00:00
L02679,U0109,download_report,,2024-10-13 12:00:00
L02680,U0043,download_report,,2024-06-03 01:00:00
L02681,U0037,login,,2024-03-05 03:00:00
L02682,U0089,download_report,,2024-11-08 19:00:00
L02683,U0123,login,,2024-03-11 10:00:00
L02684,U0197,login,,2024-04-01 05:00:00
L02685,U0156,predict_disease,D002,2024-01-05 10:00:00
L02686,U0056,view_profile,,2024-11-21 20:00:00
L02687,U0008,rate_medicine,M015,2024-05-12 15:00:00
L02688,U0100,rate_medicine,M016,2024-06-04 17:00:00
L02689,U0084,rate_medicine,M022,2024-07-09 19:00:00
L02690,U0154,view_profile,,2024-08-11 10:00:00
L02691,U0060,predict_disease,D002,2024-09-30 07:00:00
L02692,U0002,download_report,,2024-09-07 02:00:00
L02693,U0086,predict_disease,D005,2024-06-27 06:00:00
L02694,U0180,search_disease,D003,2024-11-01 01:00:00
L02695,U0064,view_medicine,M024,2024-07-20 04:00:00
L02696,U0018,predict_disease,D002,2024-08-29 07:00:00
L02697,U0119,predict_disease,D011,2024-09-10 05:00:00
L02698,U0198,login,,2024-05-18 17:00:00
L02699,U0159,view_profile,,2024-06-26 17:00:00
L02700,U0183,download_report,,2024-12-11 10:00:00
L02701,U0044,download_report,,2024-04-02 18:00:00
L02702,U0175,rate_medicine,M006,2024-06-26 04:00:00
L02703,U0026,download_report,,2024-07-26 03:00:00
L02704,U0126,download_report,,2024-07-07 19:00:00
L02705,U0018,search_disease,D008,2024-01-29 10:00:00
L02706,U0164,view_medicine,M017,2024-01-25 11:00:00
L02707,U0024,rate_medicine,M020,2024-05-12 14:00:00
L02708,U0079,logout,,2024-05-17 15:00:00
L02709,U0196,view_profile,,2024-07-06 20:00:00
L02710,U0092,view_profile,,2024-03-13 09:00:00
L02711,U0136,logout,,2024-05-31 03:00:00
L02712,U0031,logout,,2024-07-01 18:00:00
L02713,U0147,rate_medicine,M023,2024-08-23 06:00:00
L02714,U0155,rate_medicine,M010,2024-04-14 01:00:00
L02715,U0060,download_report,,2024-09-07 16:00:00
L02716,U0050,view_medicine,M008,2024-03-04 16:00:00
L02717,U0108,view_profile,,2024-02-12 02:00:00
L02718,U0062,view_profile,,2024-11-25 16:00:00
L02719,U0010,predict_disease,D007,2024-09-19 15:00:00
L02720,U0143,predict_disease,D013,2024-02-04 11:00:00
L02721,U0140,predict_disease,D008,2024-08-31 06:00:00
L02722,U0143,view_medicine,M010,2024-08-10 05:00:00
L02723,U0176,download_report,,2024-02-02 10:00:00
L02724,U0114,predict_disease,D002,2024-12-20 09:00:00
L02725,U0084,login,,2024-12-04 06:00:00
L02726,U0187,download_report,,2024-04-25 15:00:00
L02727,U0132,view_medicine,M004,2024-10-16 03:00:00
L02728,U0109,download_report,,2024-12-17 15:00:00
L02729,U0075,view_profile,,2024-05-22 12:00:00
L02730,U0023,logout,,2024-09-02 14:00:00
L02731,U0042,login,,2024-10-30 12:00:00
L02732,U0058,search_disease,D005,2024-04-17 12:00:00
L02733,U0155,predict_disease,D010,2024-10-21 08:00:00
L02734,U0162,login,,2024-08-08 08:00:00
L02735,U0014,download_report,,2024-11-08 18:00:00
L02736,U0010,view_medicine,M023,2024-02-27 01:00:00
L02737,U0123,download_report,,2024-04-26 18:00:00
L02738,U0060,view_medicine,M018,2024-12-16 22:00:00
L02739,U0042,download_report,,2024-02-18 22:00:00
L02740,U0153,search_disease,D009,2024-07-28 21:00:00
L02741,U0074,rate_medicine,M029,2024-03-28 20:00:00
L02742,U0071,rate_medicine,M013,2024-09-20 16:00:00
L02743,U0193,rate_medicine,M020,2024-12-09 19:00:00
L02744,U0150,logout,,2024-07-08 14:00:00
L02745,U0095,predict_disease,D009,2024-09-08 10:00:00
L02746,U0194,download_report,,2024-09-23 04:00:00
L02747,U0152,search_disease,D014,2024-01-27 05:00:00
L02748,U0113,predict_disease,D002,2024-10-25 14:00:00
L02749,U0036,search_disease,D014,2024-06-02 16:00:00
L02750,U0164,view_profile,,2024-11-07 14:00:00
L02751,U0004,search_disease,D008,2024-06-17 18:00:00
L02752,U0068,rate_medicine,M030,2024-06-17 03:00:00
L02753,U0053,rate_medicine,M026,2024-08-05 15:00:00
L02754,U0101,predict_disease,D009,2024-09-24 03:00:00
L02755,U0186,search_disease,D003,2024-04-21 20:00:00
L02756,U0136,view_medicine,M007,2024-09-14 10:00:00
L02757,U0138,login,,2024-02-28 02:00:00
L02758,U0157,view_profile,,2024-09-08 17:00:00
L02759,U0087,search_disease,D005,2024-10-22 00:00:00
L02760,U0159,view_medicine,M024,2024-12-02 23:00:00
L02761,U0027,predict_disease,D014,2024-08-15 14:00:00
L02762,U0081,view_medicine,M012,2024-03-16 17:00:00
L02763,U0109,login,,2024-10-26 06:00:00
L02764,U0096,view_profile,,2024-02-15 20:00:00
L02765,U0191,download_report,,2024-09-15 17:00:00
L02766,U0185,view_medicine,M025,2024-08-25 23:00:00
L02767,U0172,view_medicine,M025,2024-06-12 06:00:00
L02768,U0102,predict_disease,D011,2024-01-11 23:00:00
L02769,U0148,search_disease,D002,2024-05-03 18:00:00
L02770,U0064,search_disease,D001,2024-09-29 04:00:00
L02771,U0079,logout,,2024-03-09 20:00:00
L02772,U0090,download_report,,2024-03-03 07:00:00
L02773,U0011,login,,2024-10-20 01:00:00
L02774,U0137,download_report,,2024-02-21 16:00:00
L02775,U0073,search_disease,D001,2024-06-16 01:00:00
L02776,U0055,predict_disease,D005,2024-12-31 14:00:00
L02777,U0103,view_profile,,2024-02-05 10:00:00
L02778,U0053,logout,,2024-07-13 12:00:00
L02779,U0113,predict_disease,D015,2024-02-10 06:00:00
L02780,U0131,download_report,,2024-11-02 12:00:00
L02781,U0054,view_profile,,2024-06-29 07:00:00
L02782,U0002,view_medicine,M023,2024-11-16 10:00:00
L02783,U0193,download_report,,2024-08-08 02:00:00
L02784,U0163,download_report,,2024-05-29 14:00:00
L02785,U0023,view_profile,,2024-11-29 10:00:00
L02786,U0097,login,,2024-05-02 18:00:00
L02787,U0146,logout,,2024-04-05 11:00:00
L02788,U0030,download_report,,2024-02-21 12:00:00
L02789,U0101,rate_medicine,M008,2024-12-13 19:00:00
L02790,U0035,view_medicine,M022,2024-09-17 07:00:00
L02791,U0125,logout,,2024-04-03 14:00:00
L02792,U0041,view_medicine,M028,2024-10-05 19:00:00
L02793,U0197,login,,2024-11-28 12:00:00
L02794,U0002,login,,2024-06-24 07:00:00
L02795,U0134,rate_medicine,M006,2024-02-12 12:00:00
L02796,U0018,rate_medicine,M009,2024-12-26 21:00:00
L02797,U0020,login,,2024-01-18 03:00:00
L02798,U0083,logout,,2024-11-20 06:00:00
L02799,U0138,download_report,,2024-11-21 09:00:00
L02800,U0068,login,,2024-01-22 11:00:00
L02801,U0049,search_disease,D001,2024-12-08 17:00:00
L02802,U0126,view_medicine,M005,2024-04-19 00:00:00
L02803,U0125,rate_medicine,M005,2024-08-02 06:00:00
L02804,U0035,login,,2024-09-17 03:00:00
L02805,U0067,rate_medicine,M021,2024-12-12 08:00:00
L02806,U0030,logout,,2024-09-27 18:00:00
L02807,U0152,view_profile,,2024-06-11 06:00:00
L02808,U0106,view_medicine,M019,2024-10-21 01:00:00
L02809,U0127,login,,2024-07-24 08:00:00
L02810,U0045,view_medicine,M019,2024-03-29 16:00:00
L02811,U0131,rate_medicine,M020,2024-08-20 08:00:00
L02812,U0194,download_report,,2024-06-28 03:00:00
L02813,U0197,view_profile,,2024-06-17 17:00:00
L02814,U0035,logout,,2024-09-08 03:00:00
L02815,U0069,logout,,2024-04-10 00:00:00
L02816,U0142,login,,2024-10-13 03:00:00
L02817,U0099,search_disease,D013,2024-05-18 23:00:00
L02818,U0079,view_medicine,M007,2024-04-16 18:00:00
L02819,U0127,search_disease,D009,2024-04-15 17:00:00
L02820,U0114,logout,,2024-11-29 23:00:00
L02821,U0132,download_report,,2024-04-23 23:00:00
L02822,U0055,view_profile,,2024-07-26 09:00:00
L02823,U0116,logout,,2024-01-08 08:00:00
L02824,U0184,search_disease,D004,2024-01-05 19:00:00
L02825,U0029,view_medicine,M020,2024-06-27 06:00:00
L02826,U0006,login,,2024-04-05 17:00:00
L02827,U0035,predict_disease,D007,2024-06-27 08:00:00
L02828,U0068,predict_disease,D001,2024-02-04 20:00:00
L02829,U0060,predict_disease,D014,2024-02-13 19:00:00
L02830,U0168,view_medicine,M024,2024-07-01 14:00:00
L02831,U0035,logout,,2024-01-04 08:00:00
L02832,U0006,rate_medicine,M003,2024-01-29 22:00:00
L02833,U0177,logout,,2024-10-29 22:00:00
L02834,U0145,rate_medicine,M004,2024-04-20 05:00:00
L02835,U0200,rate_medicine,M012,2024-05-02 17:00:00
L02836,U0160,search_disease,D001,2024-09-04 22:00:00
L02837,U0163,rate_medicine,M004,2024-03-14 04:00:00
L02838,U0120,rate_medicine,M018,2024-01-15 18:00:00
L02839,U0039,logout,,2024-07-18 08:00:00
L02840,U0053,login,,2024-04-03 05:00:00
L02841,U0021,download_report,,2024-09-10 09:00:00
L02842,U0075,predict_disease,D003,2024-01-08 08:00:00
L02843,U0045,view_profile,,2024-08-02 03:00:00
L02844,U0160,search_disease,D009,2024-01-27 01:00:00
L02845,U0079,view_profile,,2024-07-14 16:00:00
L02846,U0026,login,,2024-12-18 12:00:00
L02847,U0013,view_profile,,2024-08-31 00:00:00
L02848,U0103,predict_disease,D009,2024-08-17 22:00:00
L02849,U0039,predict_disease,D001,2024-01-18 01:00:00
L02850,U0200,download_report,,2024-05-01 12:00:00
L02851,U0185,login,,2024-03-10 02:00:00
L02852,U0051,download_report,,2024-07-28 17:00:00
L02853,U0087,view_medicine,M001,2024-08-26 15:00:00
L02854,U0008,download_report,,2024-01-31 03:00:00
L02855,U0063,logout,,2024-03-10 10:00:00
L02856,U0119,view_medicine,M001,2024-04-20 19:00:00
L02857,U0023,logout,,2024-04-07 01:00:00
L02858,U0044,logout,,2024-03-23 02:00:00
L02859,U0139,search_disease,D004,2024-07-13 18:00:00
L02860,U0131,view_medicine,M024,2024-08-29 02:00:00
L02861,U0127,login,,2024-03-13 05:00:00
L02862,U0065,search_disease,D001,2024-06-10 22:00:00
L02863,U0105,rate_medicine,M024,2024-02-27 15:00:00
L02864,U0043,search_disease,D010,2024-10-07 02:00:00
L02865,U0002,logout,,2024-08-20 08:00:00
L02866,U0105,rate_medicine,M008,2024-01-28 04:00:00
L02867,U0195,view_profile,,2024-06-03 09:00:00
L02868,U0093,predict_disease,D003,2024-03-14 02:00:00
L02869,U0004,login,,2024-03-14 10:00:00
L02870,U0151,predict_disease,D004,2024-05-18 02:00:00
L02871,U0171,predict_disease,D012,2024-01-09 18:00:00
L02872,U0190,rate_medicine,M010,2024-08-16 15:00:00
L02873,U0158,predict_disease,D007,2024-01-12 06:00:00
L02874,U0165,predict_disease,D007,2024-11-16 11:00:00
L02875,U0025,download_report,,2024-04-25 04:00:00
L02876,U0105,logout,,2024-02-10 20:00:00
L02877,U0155,logout,,2024-06-02 23:00:00
L02878,U0035,view_medicine,M022,2024-05-18 11:00:00
L02879,U0150,download_report,,2024-10-03 11:00:00
L02880,U0010,search_disease,D007,2024-03-08 03:00:00
L02881,U0171,search_disease,D010,2024-02-26 10:00:00
L02882,U0111,search_disease,D003,2024-10-03 12:00:00
L02883,U0156,rate_medicine,M024,2024-10-01 13:00:00
L02884,U0143,rate_medicine,M016,2024-08-07 16:00:00
L02885,U0033,login,,2024-04-19 14:00:00
L02886,U0016,login,,2024-01-05 16:00:00
L02887,U0117,rate_medicine,M010,2024-05-12 00:00:00
L02888,U0113,view_profile,,2024-12-02 17:00:00
L02889,U0029,search_disease,D010,2024-10-19 01:00:00
L02890,U0075,logout,,2024-11-13 18:00:00
L02891,U0112,predict_disease,D002,2024-06-02 01:00:00
L02892,U0147,view_medicine,M013,2024-09-27 06:00:00
L02893,U0156,login,,2024-11-16 04:00:00
L02894,U0084,view_profile,,2024-04-27 08:00:00
L02895,U0112,rate_medicine,M017,2024-05-18 14:00:00
L02896,U0041,view_medicine,M017,2024-03-01 07:00:00
L02897,U0082,login,,2024-05-20 13:00:00
L02898,U0183,predict_disease,D003,2024-01-05 05:00:00
L02899,U0052,search_disease,D003,2024-09-08 21:00:00
L02900,U0004,predict_disease,D014,2024-07-02 10:00:00
L02901,U0054,view_medicine,M029,2024-04-21 00:00:00
L02902,U0005,view_medicine,M001,2024-10-07 16:00:00
L02903,U0064,login,,2024-05-29 23:00:00
L02904,U0117,login,,2024-05-02 18:00:00
L02905,U0002,search_disease,D010,2024-01-02 16:00:00
L02906,U0065,search_disease,D002,2024-03-01 12:00:00
L02907,U0149,view_medicine,M001,2024-02-17 12:00:00
L02908,U0061,predict_disease,D014,2024-03-12 21:00:00
L02909,U0052,logout,,2024-08-21 23:00:00
L02910,U0190,logout,,2024-11-12 01:00:00
L02911,U0003,login,,2024-10-04 23:00:00
L02912,U0077,download_report,,2024-10-05 02:00:00
L02913,U0123,login,,2024-05-12 12:00:00
L02914,U0011,view_profile,,2024-01-26 00:00:00
L02915,U0057,rate_medicine,M022,2024-05-07 13:00:00
L02916,U0025,search_disease,D015,2024-05-05 14:00:00
L02917,U0025,search_disease,D015,2024-09-24 02:00:00
L02918,U0024,download_report,,2024-12-05 19:00:00
L02919,U0178,download_report,,2024-05-12 10:00:00
L02920,U0147,predict_disease,D013,2024-06-07 04:00:00
L02921,U0163,view_medicine,M007,2024-05-13 21:00:00
L02922,U0093,view_medicine,M003,2024-04-14 10:00:00
L02923,U0072,view_profile,,2024-07-30 13:00:00
L02924,U0083,view_medicine,M015,2024-07-11 18:00:00
L02925,U0149,rate_medicine,M010,2024-12-26 08:00:00
L02926,U0111,login,,2024-08-14 04:00:00
L02927,U0015,view_medicine,M004,2024-10-08 04:00:00
L02928,U0165,rate_medicine,M029,2024-01-09 04:00:00
L02929,U0130,search_disease,D012,2024-03-18 04:00:00
L02930,U0132,view_profile,,2024-08-16 19:00:00
L02931,U0039,rate_medicine,M001,2024-07-19 04:00:00
L02932,U0089,view_medicine,M017,2024-09-13 02:00:00
L02933,U0068,logout,,2024-12-18 10:00:00
L02934,U0059,predict_disease,D008,2024-07-02 20:00:00
L02935,U0106,view_profile,,2024-06-08 05:00:00
L02936,U0089,view_profile,,2024-08-20 00:00:00
L02937,U0023,view_medicine,M010,2024-03-22 19:00:00
L02938,U0144,search_disease,D013,2024-03-12 17:00:00
L02939,U0028,download_report,,2024-10-08 03:00:00
L02940,U0018,login,,2024-11-17 05:00:00
L02941,U0089,download_report,,2024-10-16 00:00:00
L02942,U0102,rate_medicine,M022,2024-02-28 01:00:00
L02943,U0155,view_medicine,M015,2024-03-29 07:00:00
L02944,U0110,view_medicine,M009,2024-07-28 00:00:00
L02945,U0033,view_medicine,M003,2024-10-14 07:00:00
L02946,U0023,predict_disease,D008,2024-01-16 02:00:00
L02947,U0033,predict_disease,D004,2024-10-17 23:00:00
L02948,U0018,login,,2024-06-28 02:00:00
L02949,U0168,predict_disease,D001,2024-05-15 17:00:00
L02950,U0003,download_report,,2024-09-11 23:00:00
L02951,U0112,login,,2024-06-15 07:00:00
L02952,U0098,rate_medicine,M010,2024-01-24 09:00:00
L02953,U0037,predict_disease,D015,2024-08-13 13:00:00
L02954,U0163,view_profile,,2024-06-02 12:00:00
L02955,U0160,view_medicine,M004,2024-02-15 10:00:00
L02956,U0002,view_profile,,2024-07-06 15:00:00
L02957,U0188,view_profile,,2024-06-07 15:00:00
L02958,U0061,predict_disease,D005,2024-06-28 17:00:00
L02959,U0022,login,,2024-09-08 13:00:00
L02960,U0082,predict_disease,D003,2024-02-21 23:00:00
L02961,U0118,predict_disease,D014,2024-12-08 05:00:00
L02962,U0116,login,,2024-01-02 16:00:00
L02963,U0108,login,,2024-12-26 12:00:00
L02964,U0179,download_report,,2024-07-23 04:00:00
L02965,U0020,predict_disease,D005,2024-11-14 14:00:00
L02966,U0140,login,,2024-08-14 16:00:00
L02967,U0160,rate_medicine,M026,2024-05-30 15:00:00
L02968,U0021,logout,,2024-12-05 05:00:00
L02969,U0054,view_medicine,M021,2024-07-04 00:00:00
L02970,U0028,view_medicine,M014,2024-09-18 09:00:00
L02971,U0078,logout,,2024-03-15 04:00:00
L02972,U0081,view_profile,,2024-05-19 06:00:00
L02973,U0079,rate_medicine,M002,2024-08-02 23:00:00
L02974,U0141,login,,2024-03-19 03:00:00
L02975,U0087,predict_disease,D002,2024-11-22 13:00:00
L02976,U0189,rate_medicine,M020,2024-07-01 05:00:00
L02977,U0066,download_report,,2024-10-21 05:00:00
L02978,U0169,view_medicine,M013,2024-12-19 08:00:00
L02979,U0023,rate_medicine,M021,2024-03-04 03:00:00
L02980,U0199,logout,,2024-04-10 17:00:00
L02981,U0038,search_disease,D009,2024-08-25 07:00:00
L02982,U0172,view_medicine,M028,2024-08-07 07:00:00
L02983,U0087,rate_medicine,M008,2024-12-12 18:00:00
L02984,U0129,rate_medicine,M017,2024-04-01 23:00:00
L02985,U0133,search_disease,D009,2024-05-21 18:00:00
L02986,U0138,login,,2024-01-12 12:00:00
L02987,U0067,login,,2024-01-10 11:00:00
L02988,U0026,search_disease,D014,2024-01-23 05:00:00
L02989,U0095,search_disease,D003,2024-06-08 06:00:00
L02990,U0186,rate_medicine,M003,2024-04-05 07:00:00
L02991,U0182,view_medicine,M004,2024-07-24 01:00:00
L02992,U0191,rate_medicine,M020,2024-09-27 13:00:00
L02993,U0062,view_medicine,M027,2024-09-11 04:00:00
L02994,U0187,search_disease,D012,2024-11-24 16:00:00
L02995,U0014,login,,2024-01-30 06:00:00
L02996,U0179,predict_disease,D001,2024-04-13 03:00:00
L02997,U0141,logout,,2024-10-30 19:00:00
L02998,U0023,view_medicine,M003,2024-05-21 01:00:00
L02999,U0077,view_medicine,M007,2024-08-31 03:00:00
L03000,U0028,view_profile,,2024-12-19 15:00:00
